adapter_id,adapter_path
dummy-715,/gpfs/scratch/bsc98/bsc098069/llm_benchmarking/models/llama/llama-2-7b/lora/yard1_sql-lora-test_dummy_rank_16/
dummy-644,/gpfs/scratch/bsc98/bsc098069/llm_benchmarking/models/llama/llama-2-7b/lora/yard1_sql-lora-test_dummy_rank_16/
dummy-109,/gpfs/scratch/bsc98/bsc098069/llm_benchmarking/models/llama/llama-2-7b/lora/yard1_sql-lora-test_dummy_rank_16/
dummy-270,/gpfs/scratch/bsc98/bsc098069/llm_benchmarking/models/llama/llama-2-7b/lora/yard1_sql-lora-test_dummy_rank_16/
dummy-760,/gpfs/scratch/bsc98/bsc098069/llm_benchmarking/models/llama/llama-2-7b/lora/yard1_sql-lora-test_dummy_rank_16/
dummy-408,/gpfs/scratch/bsc98/bsc098069/llm_benchmarking/models/llama/llama-2-7b/lora/yard1_sql-lora-test_dummy_rank_16/
dummy-376,/gpfs/scratch/bsc98/bsc098069/llm_benchmarking/models/llama/llama-2-7b/lora/yard1_sql-lora-test_dummy_rank_16/
dummy-754,/gpfs/scratch/bsc98/bsc098069/llm_benchmarking/models/llama/llama-2-7b/lora/yard1_sql-lora-test_dummy_rank_16/
dummy-512,/gpfs/scratch/bsc98/bsc098069/llm_benchmarking/models/llama/llama-2-7b/lora/yard1_sql-lora-test_dummy_rank_16/
dummy-192,/gpfs/scratch/bsc98/bsc098069/llm_benchmarking/models/llama/llama-2-7b/lora/yard1_sql-lora-test_dummy_rank_16/
dummy-643,/gpfs/scratch/bsc98/bsc098069/llm_benchmarking/models/llama/llama-2-7b/lora/yard1_sql-lora-test_dummy_rank_16/
dummy-494,/gpfs/scratch/bsc98/bsc098069/llm_benchmarking/models/llama/llama-2-7b/lora/yard1_sql-lora-test_dummy_rank_16/
dummy-381,/gpfs/scratch/bsc98/bsc098069/llm_benchmarking/models/llama/llama-2-7b/lora/yard1_sql-lora-test_dummy_rank_16/
dummy-65,/gpfs/scratch/bsc98/bsc098069/llm_benchmarking/models/llama/llama-2-7b/lora/yard1_sql-lora-test_dummy_rank_16/
dummy-692,/gpfs/scratch/bsc98/bsc098069/llm_benchmarking/models/llama/llama-2-7b/lora/yard1_sql-lora-test_dummy_rank_16/
dummy-740,/gpfs/scratch/bsc98/bsc098069/llm_benchmarking/models/llama/llama-2-7b/lora/yard1_sql-lora-test_dummy_rank_16/
dummy-476,/gpfs/scratch/bsc98/bsc098069/llm_benchmarking/models/llama/llama-2-7b/lora/yard1_sql-lora-test_dummy_rank_16/
dummy-504,/gpfs/scratch/bsc98/bsc098069/llm_benchmarking/models/llama/llama-2-7b/lora/yard1_sql-lora-test_dummy_rank_16/
dummy-190,/gpfs/scratch/bsc98/bsc098069/llm_benchmarking/models/llama/llama-2-7b/lora/yard1_sql-lora-test_dummy_rank_16/
dummy-585,/gpfs/scratch/bsc98/bsc098069/llm_benchmarking/models/llama/llama-2-7b/lora/yard1_sql-lora-test_dummy_rank_16/
dummy-391,/gpfs/scratch/bsc98/bsc098069/llm_benchmarking/models/llama/llama-2-7b/lora/yard1_sql-lora-test_dummy_rank_16/
dummy-226,/gpfs/scratch/bsc98/bsc098069/llm_benchmarking/models/llama/llama-2-7b/lora/yard1_sql-lora-test_dummy_rank_16/
dummy-725,/gpfs/scratch/bsc98/bsc098069/llm_benchmarking/models/llama/llama-2-7b/lora/yard1_sql-lora-test_dummy_rank_16/
dummy-549,/gpfs/scratch/bsc98/bsc098069/llm_benchmarking/models/llama/llama-2-7b/lora/yard1_sql-lora-test_dummy_rank_16/
dummy-187,/gpfs/scratch/bsc98/bsc098069/llm_benchmarking/models/llama/llama-2-7b/lora/yard1_sql-lora-test_dummy_rank_16/
dummy-268,/gpfs/scratch/bsc98/bsc098069/llm_benchmarking/models/llama/llama-2-7b/lora/yard1_sql-lora-test_dummy_rank_16/
dummy-600,/gpfs/scratch/bsc98/bsc098069/llm_benchmarking/models/llama/llama-2-7b/lora/yard1_sql-lora-test_dummy_rank_16/
dummy-90,/gpfs/scratch/bsc98/bsc098069/llm_benchmarking/models/llama/llama-2-7b/lora/yard1_sql-lora-test_dummy_rank_16/
dummy-73,/gpfs/scratch/bsc98/bsc098069/llm_benchmarking/models/llama/llama-2-7b/lora/yard1_sql-lora-test_dummy_rank_16/
dummy-487,/gpfs/scratch/bsc98/bsc098069/llm_benchmarking/models/llama/llama-2-7b/lora/yard1_sql-lora-test_dummy_rank_16/
dummy-573,/gpfs/scratch/bsc98/bsc098069/llm_benchmarking/models/llama/llama-2-7b/lora/yard1_sql-lora-test_dummy_rank_16/
dummy-25,/gpfs/scratch/bsc98/bsc098069/llm_benchmarking/models/llama/llama-2-7b/lora/yard1_sql-lora-test_dummy_rank_16/
dummy-632,/gpfs/scratch/bsc98/bsc098069/llm_benchmarking/models/llama/llama-2-7b/lora/yard1_sql-lora-test_dummy_rank_16/
dummy-252,/gpfs/scratch/bsc98/bsc098069/llm_benchmarking/models/llama/llama-2-7b/lora/yard1_sql-lora-test_dummy_rank_16/
dummy-152,/gpfs/scratch/bsc98/bsc098069/llm_benchmarking/models/llama/llama-2-7b/lora/yard1_sql-lora-test_dummy_rank_16/
dummy-224,/gpfs/scratch/bsc98/bsc098069/llm_benchmarking/models/llama/llama-2-7b/lora/yard1_sql-lora-test_dummy_rank_16/
dummy-608,/gpfs/scratch/bsc98/bsc098069/llm_benchmarking/models/llama/llama-2-7b/lora/yard1_sql-lora-test_dummy_rank_16/
dummy-485,/gpfs/scratch/bsc98/bsc098069/llm_benchmarking/models/llama/llama-2-7b/lora/yard1_sql-lora-test_dummy_rank_16/
dummy-285,/gpfs/scratch/bsc98/bsc098069/llm_benchmarking/models/llama/llama-2-7b/lora/yard1_sql-lora-test_dummy_rank_16/
dummy-768,/gpfs/scratch/bsc98/bsc098069/llm_benchmarking/models/llama/llama-2-7b/lora/yard1_sql-lora-test_dummy_rank_16/
dummy-28,/gpfs/scratch/bsc98/bsc098069/llm_benchmarking/models/llama/llama-2-7b/lora/yard1_sql-lora-test_dummy_rank_16/
dummy-443,/gpfs/scratch/bsc98/bsc098069/llm_benchmarking/models/llama/llama-2-7b/lora/yard1_sql-lora-test_dummy_rank_16/
dummy-755,/gpfs/scratch/bsc98/bsc098069/llm_benchmarking/models/llama/llama-2-7b/lora/yard1_sql-lora-test_dummy_rank_16/
dummy-553,/gpfs/scratch/bsc98/bsc098069/llm_benchmarking/models/llama/llama-2-7b/lora/yard1_sql-lora-test_dummy_rank_16/
dummy-757,/gpfs/scratch/bsc98/bsc098069/llm_benchmarking/models/llama/llama-2-7b/lora/yard1_sql-lora-test_dummy_rank_16/
dummy-610,/gpfs/scratch/bsc98/bsc098069/llm_benchmarking/models/llama/llama-2-7b/lora/yard1_sql-lora-test_dummy_rank_16/
dummy-672,/gpfs/scratch/bsc98/bsc098069/llm_benchmarking/models/llama/llama-2-7b/lora/yard1_sql-lora-test_dummy_rank_16/
dummy-478,/gpfs/scratch/bsc98/bsc098069/llm_benchmarking/models/llama/llama-2-7b/lora/yard1_sql-lora-test_dummy_rank_16/
dummy-597,/gpfs/scratch/bsc98/bsc098069/llm_benchmarking/models/llama/llama-2-7b/lora/yard1_sql-lora-test_dummy_rank_16/
dummy-182,/gpfs/scratch/bsc98/bsc098069/llm_benchmarking/models/llama/llama-2-7b/lora/yard1_sql-lora-test_dummy_rank_16/
dummy-665,/gpfs/scratch/bsc98/bsc098069/llm_benchmarking/models/llama/llama-2-7b/lora/yard1_sql-lora-test_dummy_rank_16/
dummy-761,/gpfs/scratch/bsc98/bsc098069/llm_benchmarking/models/llama/llama-2-7b/lora/yard1_sql-lora-test_dummy_rank_16/
dummy-172,/gpfs/scratch/bsc98/bsc098069/llm_benchmarking/models/llama/llama-2-7b/lora/yard1_sql-lora-test_dummy_rank_16/
dummy-205,/gpfs/scratch/bsc98/bsc098069/llm_benchmarking/models/llama/llama-2-7b/lora/yard1_sql-lora-test_dummy_rank_16/
dummy-410,/gpfs/scratch/bsc98/bsc098069/llm_benchmarking/models/llama/llama-2-7b/lora/yard1_sql-lora-test_dummy_rank_16/
dummy-142,/gpfs/scratch/bsc98/bsc098069/llm_benchmarking/models/llama/llama-2-7b/lora/yard1_sql-lora-test_dummy_rank_16/
dummy-562,/gpfs/scratch/bsc98/bsc098069/llm_benchmarking/models/llama/llama-2-7b/lora/yard1_sql-lora-test_dummy_rank_16/
dummy-488,/gpfs/scratch/bsc98/bsc098069/llm_benchmarking/models/llama/llama-2-7b/lora/yard1_sql-lora-test_dummy_rank_16/
dummy-325,/gpfs/scratch/bsc98/bsc098069/llm_benchmarking/models/llama/llama-2-7b/lora/yard1_sql-lora-test_dummy_rank_16/
dummy-248,/gpfs/scratch/bsc98/bsc098069/llm_benchmarking/models/llama/llama-2-7b/lora/yard1_sql-lora-test_dummy_rank_16/
dummy-586,/gpfs/scratch/bsc98/bsc098069/llm_benchmarking/models/llama/llama-2-7b/lora/yard1_sql-lora-test_dummy_rank_16/
dummy-689,/gpfs/scratch/bsc98/bsc098069/llm_benchmarking/models/llama/llama-2-7b/lora/yard1_sql-lora-test_dummy_rank_16/
dummy-169,/gpfs/scratch/bsc98/bsc098069/llm_benchmarking/models/llama/llama-2-7b/lora/yard1_sql-lora-test_dummy_rank_16/
dummy-386,/gpfs/scratch/bsc98/bsc098069/llm_benchmarking/models/llama/llama-2-7b/lora/yard1_sql-lora-test_dummy_rank_16/
dummy-41,/gpfs/scratch/bsc98/bsc098069/llm_benchmarking/models/llama/llama-2-7b/lora/yard1_sql-lora-test_dummy_rank_16/
dummy-375,/gpfs/scratch/bsc98/bsc098069/llm_benchmarking/models/llama/llama-2-7b/lora/yard1_sql-lora-test_dummy_rank_16/
dummy-472,/gpfs/scratch/bsc98/bsc098069/llm_benchmarking/models/llama/llama-2-7b/lora/yard1_sql-lora-test_dummy_rank_16/
dummy-543,/gpfs/scratch/bsc98/bsc098069/llm_benchmarking/models/llama/llama-2-7b/lora/yard1_sql-lora-test_dummy_rank_16/
dummy-580,/gpfs/scratch/bsc98/bsc098069/llm_benchmarking/models/llama/llama-2-7b/lora/yard1_sql-lora-test_dummy_rank_16/
dummy-249,/gpfs/scratch/bsc98/bsc098069/llm_benchmarking/models/llama/llama-2-7b/lora/yard1_sql-lora-test_dummy_rank_16/
dummy-356,/gpfs/scratch/bsc98/bsc098069/llm_benchmarking/models/llama/llama-2-7b/lora/yard1_sql-lora-test_dummy_rank_16/
dummy-473,/gpfs/scratch/bsc98/bsc098069/llm_benchmarking/models/llama/llama-2-7b/lora/yard1_sql-lora-test_dummy_rank_16/
dummy-14,/gpfs/scratch/bsc98/bsc098069/llm_benchmarking/models/llama/llama-2-7b/lora/yard1_sql-lora-test_dummy_rank_16/
dummy-159,/gpfs/scratch/bsc98/bsc098069/llm_benchmarking/models/llama/llama-2-7b/lora/yard1_sql-lora-test_dummy_rank_16/
dummy-216,/gpfs/scratch/bsc98/bsc098069/llm_benchmarking/models/llama/llama-2-7b/lora/yard1_sql-lora-test_dummy_rank_16/
dummy-572,/gpfs/scratch/bsc98/bsc098069/llm_benchmarking/models/llama/llama-2-7b/lora/yard1_sql-lora-test_dummy_rank_16/
dummy-430,/gpfs/scratch/bsc98/bsc098069/llm_benchmarking/models/llama/llama-2-7b/lora/yard1_sql-lora-test_dummy_rank_16/
dummy-223,/gpfs/scratch/bsc98/bsc098069/llm_benchmarking/models/llama/llama-2-7b/lora/yard1_sql-lora-test_dummy_rank_16/
dummy-647,/gpfs/scratch/bsc98/bsc098069/llm_benchmarking/models/llama/llama-2-7b/lora/yard1_sql-lora-test_dummy_rank_16/
dummy-469,/gpfs/scratch/bsc98/bsc098069/llm_benchmarking/models/llama/llama-2-7b/lora/yard1_sql-lora-test_dummy_rank_16/
dummy-457,/gpfs/scratch/bsc98/bsc098069/llm_benchmarking/models/llama/llama-2-7b/lora/yard1_sql-lora-test_dummy_rank_16/
dummy-688,/gpfs/scratch/bsc98/bsc098069/llm_benchmarking/models/llama/llama-2-7b/lora/yard1_sql-lora-test_dummy_rank_16/
dummy-351,/gpfs/scratch/bsc98/bsc098069/llm_benchmarking/models/llama/llama-2-7b/lora/yard1_sql-lora-test_dummy_rank_16/
dummy-616,/gpfs/scratch/bsc98/bsc098069/llm_benchmarking/models/llama/llama-2-7b/lora/yard1_sql-lora-test_dummy_rank_16/
dummy-354,/gpfs/scratch/bsc98/bsc098069/llm_benchmarking/models/llama/llama-2-7b/lora/yard1_sql-lora-test_dummy_rank_16/
dummy-613,/gpfs/scratch/bsc98/bsc098069/llm_benchmarking/models/llama/llama-2-7b/lora/yard1_sql-lora-test_dummy_rank_16/
dummy-413,/gpfs/scratch/bsc98/bsc098069/llm_benchmarking/models/llama/llama-2-7b/lora/yard1_sql-lora-test_dummy_rank_16/
dummy-484,/gpfs/scratch/bsc98/bsc098069/llm_benchmarking/models/llama/llama-2-7b/lora/yard1_sql-lora-test_dummy_rank_16/
dummy-319,/gpfs/scratch/bsc98/bsc098069/llm_benchmarking/models/llama/llama-2-7b/lora/yard1_sql-lora-test_dummy_rank_16/
dummy-340,/gpfs/scratch/bsc98/bsc098069/llm_benchmarking/models/llama/llama-2-7b/lora/yard1_sql-lora-test_dummy_rank_16/
dummy-407,/gpfs/scratch/bsc98/bsc098069/llm_benchmarking/models/llama/llama-2-7b/lora/yard1_sql-lora-test_dummy_rank_16/
dummy-108,/gpfs/scratch/bsc98/bsc098069/llm_benchmarking/models/llama/llama-2-7b/lora/yard1_sql-lora-test_dummy_rank_16/
dummy-347,/gpfs/scratch/bsc98/bsc098069/llm_benchmarking/models/llama/llama-2-7b/lora/yard1_sql-lora-test_dummy_rank_16/
dummy-538,/gpfs/scratch/bsc98/bsc098069/llm_benchmarking/models/llama/llama-2-7b/lora/yard1_sql-lora-test_dummy_rank_16/
dummy-648,/gpfs/scratch/bsc98/bsc098069/llm_benchmarking/models/llama/llama-2-7b/lora/yard1_sql-lora-test_dummy_rank_16/
dummy-596,/gpfs/scratch/bsc98/bsc098069/llm_benchmarking/models/llama/llama-2-7b/lora/yard1_sql-lora-test_dummy_rank_16/
dummy-422,/gpfs/scratch/bsc98/bsc098069/llm_benchmarking/models/llama/llama-2-7b/lora/yard1_sql-lora-test_dummy_rank_16/
dummy-753,/gpfs/scratch/bsc98/bsc098069/llm_benchmarking/models/llama/llama-2-7b/lora/yard1_sql-lora-test_dummy_rank_16/
dummy-389,/gpfs/scratch/bsc98/bsc098069/llm_benchmarking/models/llama/llama-2-7b/lora/yard1_sql-lora-test_dummy_rank_16/
dummy-372,/gpfs/scratch/bsc98/bsc098069/llm_benchmarking/models/llama/llama-2-7b/lora/yard1_sql-lora-test_dummy_rank_16/
dummy-575,/gpfs/scratch/bsc98/bsc098069/llm_benchmarking/models/llama/llama-2-7b/lora/yard1_sql-lora-test_dummy_rank_16/
dummy-566,/gpfs/scratch/bsc98/bsc098069/llm_benchmarking/models/llama/llama-2-7b/lora/yard1_sql-lora-test_dummy_rank_16/
dummy-87,/gpfs/scratch/bsc98/bsc098069/llm_benchmarking/models/llama/llama-2-7b/lora/yard1_sql-lora-test_dummy_rank_16/
dummy-85,/gpfs/scratch/bsc98/bsc098069/llm_benchmarking/models/llama/llama-2-7b/lora/yard1_sql-lora-test_dummy_rank_16/
dummy-364,/gpfs/scratch/bsc98/bsc098069/llm_benchmarking/models/llama/llama-2-7b/lora/yard1_sql-lora-test_dummy_rank_16/
dummy-505,/gpfs/scratch/bsc98/bsc098069/llm_benchmarking/models/llama/llama-2-7b/lora/yard1_sql-lora-test_dummy_rank_16/
dummy-545,/gpfs/scratch/bsc98/bsc098069/llm_benchmarking/models/llama/llama-2-7b/lora/yard1_sql-lora-test_dummy_rank_16/
dummy-298,/gpfs/scratch/bsc98/bsc098069/llm_benchmarking/models/llama/llama-2-7b/lora/yard1_sql-lora-test_dummy_rank_16/
dummy-414,/gpfs/scratch/bsc98/bsc098069/llm_benchmarking/models/llama/llama-2-7b/lora/yard1_sql-lora-test_dummy_rank_16/
dummy-620,/gpfs/scratch/bsc98/bsc098069/llm_benchmarking/models/llama/llama-2-7b/lora/yard1_sql-lora-test_dummy_rank_16/
dummy-269,/gpfs/scratch/bsc98/bsc098069/llm_benchmarking/models/llama/llama-2-7b/lora/yard1_sql-lora-test_dummy_rank_16/
dummy-524,/gpfs/scratch/bsc98/bsc098069/llm_benchmarking/models/llama/llama-2-7b/lora/yard1_sql-lora-test_dummy_rank_16/
dummy-30,/gpfs/scratch/bsc98/bsc098069/llm_benchmarking/models/llama/llama-2-7b/lora/yard1_sql-lora-test_dummy_rank_16/
dummy-551,/gpfs/scratch/bsc98/bsc098069/llm_benchmarking/models/llama/llama-2-7b/lora/yard1_sql-lora-test_dummy_rank_16/
dummy-506,/gpfs/scratch/bsc98/bsc098069/llm_benchmarking/models/llama/llama-2-7b/lora/yard1_sql-lora-test_dummy_rank_16/
dummy-23,/gpfs/scratch/bsc98/bsc098069/llm_benchmarking/models/llama/llama-2-7b/lora/yard1_sql-lora-test_dummy_rank_16/
dummy-210,/gpfs/scratch/bsc98/bsc098069/llm_benchmarking/models/llama/llama-2-7b/lora/yard1_sql-lora-test_dummy_rank_16/
dummy-508,/gpfs/scratch/bsc98/bsc098069/llm_benchmarking/models/llama/llama-2-7b/lora/yard1_sql-lora-test_dummy_rank_16/
dummy-337,/gpfs/scratch/bsc98/bsc098069/llm_benchmarking/models/llama/llama-2-7b/lora/yard1_sql-lora-test_dummy_rank_16/
dummy-449,/gpfs/scratch/bsc98/bsc098069/llm_benchmarking/models/llama/llama-2-7b/lora/yard1_sql-lora-test_dummy_rank_16/
dummy-228,/gpfs/scratch/bsc98/bsc098069/llm_benchmarking/models/llama/llama-2-7b/lora/yard1_sql-lora-test_dummy_rank_16/
dummy-453,/gpfs/scratch/bsc98/bsc098069/llm_benchmarking/models/llama/llama-2-7b/lora/yard1_sql-lora-test_dummy_rank_16/
dummy-533,/gpfs/scratch/bsc98/bsc098069/llm_benchmarking/models/llama/llama-2-7b/lora/yard1_sql-lora-test_dummy_rank_16/
dummy-345,/gpfs/scratch/bsc98/bsc098069/llm_benchmarking/models/llama/llama-2-7b/lora/yard1_sql-lora-test_dummy_rank_16/
dummy-178,/gpfs/scratch/bsc98/bsc098069/llm_benchmarking/models/llama/llama-2-7b/lora/yard1_sql-lora-test_dummy_rank_16/
dummy-176,/gpfs/scratch/bsc98/bsc098069/llm_benchmarking/models/llama/llama-2-7b/lora/yard1_sql-lora-test_dummy_rank_16/
dummy-303,/gpfs/scratch/bsc98/bsc098069/llm_benchmarking/models/llama/llama-2-7b/lora/yard1_sql-lora-test_dummy_rank_16/
dummy-415,/gpfs/scratch/bsc98/bsc098069/llm_benchmarking/models/llama/llama-2-7b/lora/yard1_sql-lora-test_dummy_rank_16/
dummy-696,/gpfs/scratch/bsc98/bsc098069/llm_benchmarking/models/llama/llama-2-7b/lora/yard1_sql-lora-test_dummy_rank_16/
dummy-503,/gpfs/scratch/bsc98/bsc098069/llm_benchmarking/models/llama/llama-2-7b/lora/yard1_sql-lora-test_dummy_rank_16/
dummy-136,/gpfs/scratch/bsc98/bsc098069/llm_benchmarking/models/llama/llama-2-7b/lora/yard1_sql-lora-test_dummy_rank_16/
dummy-111,/gpfs/scratch/bsc98/bsc098069/llm_benchmarking/models/llama/llama-2-7b/lora/yard1_sql-lora-test_dummy_rank_16/
dummy-717,/gpfs/scratch/bsc98/bsc098069/llm_benchmarking/models/llama/llama-2-7b/lora/yard1_sql-lora-test_dummy_rank_16/
dummy-409,/gpfs/scratch/bsc98/bsc098069/llm_benchmarking/models/llama/llama-2-7b/lora/yard1_sql-lora-test_dummy_rank_16/
dummy-471,/gpfs/scratch/bsc98/bsc098069/llm_benchmarking/models/llama/llama-2-7b/lora/yard1_sql-lora-test_dummy_rank_16/
dummy-513,/gpfs/scratch/bsc98/bsc098069/llm_benchmarking/models/llama/llama-2-7b/lora/yard1_sql-lora-test_dummy_rank_16/
dummy-311,/gpfs/scratch/bsc98/bsc098069/llm_benchmarking/models/llama/llama-2-7b/lora/yard1_sql-lora-test_dummy_rank_16/
dummy-251,/gpfs/scratch/bsc98/bsc098069/llm_benchmarking/models/llama/llama-2-7b/lora/yard1_sql-lora-test_dummy_rank_16/
dummy-227,/gpfs/scratch/bsc98/bsc098069/llm_benchmarking/models/llama/llama-2-7b/lora/yard1_sql-lora-test_dummy_rank_16/
dummy-197,/gpfs/scratch/bsc98/bsc098069/llm_benchmarking/models/llama/llama-2-7b/lora/yard1_sql-lora-test_dummy_rank_16/
dummy-440,/gpfs/scratch/bsc98/bsc098069/llm_benchmarking/models/llama/llama-2-7b/lora/yard1_sql-lora-test_dummy_rank_16/
dummy-277,/gpfs/scratch/bsc98/bsc098069/llm_benchmarking/models/llama/llama-2-7b/lora/yard1_sql-lora-test_dummy_rank_16/
dummy-110,/gpfs/scratch/bsc98/bsc098069/llm_benchmarking/models/llama/llama-2-7b/lora/yard1_sql-lora-test_dummy_rank_16/
dummy-38,/gpfs/scratch/bsc98/bsc098069/llm_benchmarking/models/llama/llama-2-7b/lora/yard1_sql-lora-test_dummy_rank_16/
dummy-275,/gpfs/scratch/bsc98/bsc098069/llm_benchmarking/models/llama/llama-2-7b/lora/yard1_sql-lora-test_dummy_rank_16/
dummy-527,/gpfs/scratch/bsc98/bsc098069/llm_benchmarking/models/llama/llama-2-7b/lora/yard1_sql-lora-test_dummy_rank_16/
dummy-650,/gpfs/scratch/bsc98/bsc098069/llm_benchmarking/models/llama/llama-2-7b/lora/yard1_sql-lora-test_dummy_rank_16/
dummy-680,/gpfs/scratch/bsc98/bsc098069/llm_benchmarking/models/llama/llama-2-7b/lora/yard1_sql-lora-test_dummy_rank_16/
dummy-310,/gpfs/scratch/bsc98/bsc098069/llm_benchmarking/models/llama/llama-2-7b/lora/yard1_sql-lora-test_dummy_rank_16/
dummy-624,/gpfs/scratch/bsc98/bsc098069/llm_benchmarking/models/llama/llama-2-7b/lora/yard1_sql-lora-test_dummy_rank_16/
dummy-24,/gpfs/scratch/bsc98/bsc098069/llm_benchmarking/models/llama/llama-2-7b/lora/yard1_sql-lora-test_dummy_rank_16/
dummy-477,/gpfs/scratch/bsc98/bsc098069/llm_benchmarking/models/llama/llama-2-7b/lora/yard1_sql-lora-test_dummy_rank_16/
dummy-56,/gpfs/scratch/bsc98/bsc098069/llm_benchmarking/models/llama/llama-2-7b/lora/yard1_sql-lora-test_dummy_rank_16/
dummy-496,/gpfs/scratch/bsc98/bsc098069/llm_benchmarking/models/llama/llama-2-7b/lora/yard1_sql-lora-test_dummy_rank_16/
dummy-699,/gpfs/scratch/bsc98/bsc098069/llm_benchmarking/models/llama/llama-2-7b/lora/yard1_sql-lora-test_dummy_rank_16/
dummy-346,/gpfs/scratch/bsc98/bsc098069/llm_benchmarking/models/llama/llama-2-7b/lora/yard1_sql-lora-test_dummy_rank_16/
dummy-53,/gpfs/scratch/bsc98/bsc098069/llm_benchmarking/models/llama/llama-2-7b/lora/yard1_sql-lora-test_dummy_rank_16/
dummy-531,/gpfs/scratch/bsc98/bsc098069/llm_benchmarking/models/llama/llama-2-7b/lora/yard1_sql-lora-test_dummy_rank_16/
dummy-467,/gpfs/scratch/bsc98/bsc098069/llm_benchmarking/models/llama/llama-2-7b/lora/yard1_sql-lora-test_dummy_rank_16/
dummy-259,/gpfs/scratch/bsc98/bsc098069/llm_benchmarking/models/llama/llama-2-7b/lora/yard1_sql-lora-test_dummy_rank_16/
dummy-482,/gpfs/scratch/bsc98/bsc098069/llm_benchmarking/models/llama/llama-2-7b/lora/yard1_sql-lora-test_dummy_rank_16/
dummy-20,/gpfs/scratch/bsc98/bsc098069/llm_benchmarking/models/llama/llama-2-7b/lora/yard1_sql-lora-test_dummy_rank_16/
dummy-261,/gpfs/scratch/bsc98/bsc098069/llm_benchmarking/models/llama/llama-2-7b/lora/yard1_sql-lora-test_dummy_rank_16/
dummy-420,/gpfs/scratch/bsc98/bsc098069/llm_benchmarking/models/llama/llama-2-7b/lora/yard1_sql-lora-test_dummy_rank_16/
dummy-732,/gpfs/scratch/bsc98/bsc098069/llm_benchmarking/models/llama/llama-2-7b/lora/yard1_sql-lora-test_dummy_rank_16/
dummy-171,/gpfs/scratch/bsc98/bsc098069/llm_benchmarking/models/llama/llama-2-7b/lora/yard1_sql-lora-test_dummy_rank_16/
dummy-723,/gpfs/scratch/bsc98/bsc098069/llm_benchmarking/models/llama/llama-2-7b/lora/yard1_sql-lora-test_dummy_rank_16/
dummy-114,/gpfs/scratch/bsc98/bsc098069/llm_benchmarking/models/llama/llama-2-7b/lora/yard1_sql-lora-test_dummy_rank_16/
dummy-122,/gpfs/scratch/bsc98/bsc098069/llm_benchmarking/models/llama/llama-2-7b/lora/yard1_sql-lora-test_dummy_rank_16/
dummy-214,/gpfs/scratch/bsc98/bsc098069/llm_benchmarking/models/llama/llama-2-7b/lora/yard1_sql-lora-test_dummy_rank_16/
dummy-465,/gpfs/scratch/bsc98/bsc098069/llm_benchmarking/models/llama/llama-2-7b/lora/yard1_sql-lora-test_dummy_rank_16/
dummy-456,/gpfs/scratch/bsc98/bsc098069/llm_benchmarking/models/llama/llama-2-7b/lora/yard1_sql-lora-test_dummy_rank_16/
dummy-522,/gpfs/scratch/bsc98/bsc098069/llm_benchmarking/models/llama/llama-2-7b/lora/yard1_sql-lora-test_dummy_rank_16/
dummy-296,/gpfs/scratch/bsc98/bsc098069/llm_benchmarking/models/llama/llama-2-7b/lora/yard1_sql-lora-test_dummy_rank_16/
dummy-181,/gpfs/scratch/bsc98/bsc098069/llm_benchmarking/models/llama/llama-2-7b/lora/yard1_sql-lora-test_dummy_rank_16/
dummy-437,/gpfs/scratch/bsc98/bsc098069/llm_benchmarking/models/llama/llama-2-7b/lora/yard1_sql-lora-test_dummy_rank_16/
dummy-501,/gpfs/scratch/bsc98/bsc098069/llm_benchmarking/models/llama/llama-2-7b/lora/yard1_sql-lora-test_dummy_rank_16/
dummy-274,/gpfs/scratch/bsc98/bsc098069/llm_benchmarking/models/llama/llama-2-7b/lora/yard1_sql-lora-test_dummy_rank_16/
dummy-301,/gpfs/scratch/bsc98/bsc098069/llm_benchmarking/models/llama/llama-2-7b/lora/yard1_sql-lora-test_dummy_rank_16/
dummy-363,/gpfs/scratch/bsc98/bsc098069/llm_benchmarking/models/llama/llama-2-7b/lora/yard1_sql-lora-test_dummy_rank_16/
dummy-321,/gpfs/scratch/bsc98/bsc098069/llm_benchmarking/models/llama/llama-2-7b/lora/yard1_sql-lora-test_dummy_rank_16/
dummy-237,/gpfs/scratch/bsc98/bsc098069/llm_benchmarking/models/llama/llama-2-7b/lora/yard1_sql-lora-test_dummy_rank_16/
dummy-199,/gpfs/scratch/bsc98/bsc098069/llm_benchmarking/models/llama/llama-2-7b/lora/yard1_sql-lora-test_dummy_rank_16/
dummy-621,/gpfs/scratch/bsc98/bsc098069/llm_benchmarking/models/llama/llama-2-7b/lora/yard1_sql-lora-test_dummy_rank_16/
dummy-542,/gpfs/scratch/bsc98/bsc098069/llm_benchmarking/models/llama/llama-2-7b/lora/yard1_sql-lora-test_dummy_rank_16/
dummy-712,/gpfs/scratch/bsc98/bsc098069/llm_benchmarking/models/llama/llama-2-7b/lora/yard1_sql-lora-test_dummy_rank_16/
dummy-445,/gpfs/scratch/bsc98/bsc098069/llm_benchmarking/models/llama/llama-2-7b/lora/yard1_sql-lora-test_dummy_rank_16/
dummy-515,/gpfs/scratch/bsc98/bsc098069/llm_benchmarking/models/llama/llama-2-7b/lora/yard1_sql-lora-test_dummy_rank_16/
dummy-31,/gpfs/scratch/bsc98/bsc098069/llm_benchmarking/models/llama/llama-2-7b/lora/yard1_sql-lora-test_dummy_rank_16/
dummy-225,/gpfs/scratch/bsc98/bsc098069/llm_benchmarking/models/llama/llama-2-7b/lora/yard1_sql-lora-test_dummy_rank_16/
dummy-240,/gpfs/scratch/bsc98/bsc098069/llm_benchmarking/models/llama/llama-2-7b/lora/yard1_sql-lora-test_dummy_rank_16/
dummy-103,/gpfs/scratch/bsc98/bsc098069/llm_benchmarking/models/llama/llama-2-7b/lora/yard1_sql-lora-test_dummy_rank_16/
dummy-569,/gpfs/scratch/bsc98/bsc098069/llm_benchmarking/models/llama/llama-2-7b/lora/yard1_sql-lora-test_dummy_rank_16/
dummy-748,/gpfs/scratch/bsc98/bsc098069/llm_benchmarking/models/llama/llama-2-7b/lora/yard1_sql-lora-test_dummy_rank_16/
dummy-141,/gpfs/scratch/bsc98/bsc098069/llm_benchmarking/models/llama/llama-2-7b/lora/yard1_sql-lora-test_dummy_rank_16/
dummy-574,/gpfs/scratch/bsc98/bsc098069/llm_benchmarking/models/llama/llama-2-7b/lora/yard1_sql-lora-test_dummy_rank_16/
dummy-234,/gpfs/scratch/bsc98/bsc098069/llm_benchmarking/models/llama/llama-2-7b/lora/yard1_sql-lora-test_dummy_rank_16/
dummy-720,/gpfs/scratch/bsc98/bsc098069/llm_benchmarking/models/llama/llama-2-7b/lora/yard1_sql-lora-test_dummy_rank_16/
dummy-454,/gpfs/scratch/bsc98/bsc098069/llm_benchmarking/models/llama/llama-2-7b/lora/yard1_sql-lora-test_dummy_rank_16/
dummy-286,/gpfs/scratch/bsc98/bsc098069/llm_benchmarking/models/llama/llama-2-7b/lora/yard1_sql-lora-test_dummy_rank_16/
dummy-125,/gpfs/scratch/bsc98/bsc098069/llm_benchmarking/models/llama/llama-2-7b/lora/yard1_sql-lora-test_dummy_rank_16/
dummy-282,/gpfs/scratch/bsc98/bsc098069/llm_benchmarking/models/llama/llama-2-7b/lora/yard1_sql-lora-test_dummy_rank_16/
dummy-317,/gpfs/scratch/bsc98/bsc098069/llm_benchmarking/models/llama/llama-2-7b/lora/yard1_sql-lora-test_dummy_rank_16/
dummy-284,/gpfs/scratch/bsc98/bsc098069/llm_benchmarking/models/llama/llama-2-7b/lora/yard1_sql-lora-test_dummy_rank_16/
dummy-39,/gpfs/scratch/bsc98/bsc098069/llm_benchmarking/models/llama/llama-2-7b/lora/yard1_sql-lora-test_dummy_rank_16/
dummy-200,/gpfs/scratch/bsc98/bsc098069/llm_benchmarking/models/llama/llama-2-7b/lora/yard1_sql-lora-test_dummy_rank_16/
dummy-121,/gpfs/scratch/bsc98/bsc098069/llm_benchmarking/models/llama/llama-2-7b/lora/yard1_sql-lora-test_dummy_rank_16/
dummy-399,/gpfs/scratch/bsc98/bsc098069/llm_benchmarking/models/llama/llama-2-7b/lora/yard1_sql-lora-test_dummy_rank_16/
dummy-13,/gpfs/scratch/bsc98/bsc098069/llm_benchmarking/models/llama/llama-2-7b/lora/yard1_sql-lora-test_dummy_rank_16/
dummy-423,/gpfs/scratch/bsc98/bsc098069/llm_benchmarking/models/llama/llama-2-7b/lora/yard1_sql-lora-test_dummy_rank_16/
dummy-262,/gpfs/scratch/bsc98/bsc098069/llm_benchmarking/models/llama/llama-2-7b/lora/yard1_sql-lora-test_dummy_rank_16/
dummy-640,/gpfs/scratch/bsc98/bsc098069/llm_benchmarking/models/llama/llama-2-7b/lora/yard1_sql-lora-test_dummy_rank_16/
dummy-7,/gpfs/scratch/bsc98/bsc098069/llm_benchmarking/models/llama/llama-2-7b/lora/yard1_sql-lora-test_dummy_rank_16/
dummy-229,/gpfs/scratch/bsc98/bsc098069/llm_benchmarking/models/llama/llama-2-7b/lora/yard1_sql-lora-test_dummy_rank_16/
dummy-559,/gpfs/scratch/bsc98/bsc098069/llm_benchmarking/models/llama/llama-2-7b/lora/yard1_sql-lora-test_dummy_rank_16/
dummy-292,/gpfs/scratch/bsc98/bsc098069/llm_benchmarking/models/llama/llama-2-7b/lora/yard1_sql-lora-test_dummy_rank_16/
dummy-291,/gpfs/scratch/bsc98/bsc098069/llm_benchmarking/models/llama/llama-2-7b/lora/yard1_sql-lora-test_dummy_rank_16/
dummy-358,/gpfs/scratch/bsc98/bsc098069/llm_benchmarking/models/llama/llama-2-7b/lora/yard1_sql-lora-test_dummy_rank_16/
dummy-433,/gpfs/scratch/bsc98/bsc098069/llm_benchmarking/models/llama/llama-2-7b/lora/yard1_sql-lora-test_dummy_rank_16/
dummy-519,/gpfs/scratch/bsc98/bsc098069/llm_benchmarking/models/llama/llama-2-7b/lora/yard1_sql-lora-test_dummy_rank_16/
dummy-283,/gpfs/scratch/bsc98/bsc098069/llm_benchmarking/models/llama/llama-2-7b/lora/yard1_sql-lora-test_dummy_rank_16/
dummy-694,/gpfs/scratch/bsc98/bsc098069/llm_benchmarking/models/llama/llama-2-7b/lora/yard1_sql-lora-test_dummy_rank_16/
dummy-306,/gpfs/scratch/bsc98/bsc098069/llm_benchmarking/models/llama/llama-2-7b/lora/yard1_sql-lora-test_dummy_rank_16/
dummy-636,/gpfs/scratch/bsc98/bsc098069/llm_benchmarking/models/llama/llama-2-7b/lora/yard1_sql-lora-test_dummy_rank_16/
dummy-385,/gpfs/scratch/bsc98/bsc098069/llm_benchmarking/models/llama/llama-2-7b/lora/yard1_sql-lora-test_dummy_rank_16/
dummy-37,/gpfs/scratch/bsc98/bsc098069/llm_benchmarking/models/llama/llama-2-7b/lora/yard1_sql-lora-test_dummy_rank_16/
dummy-442,/gpfs/scratch/bsc98/bsc098069/llm_benchmarking/models/llama/llama-2-7b/lora/yard1_sql-lora-test_dummy_rank_16/
dummy-46,/gpfs/scratch/bsc98/bsc098069/llm_benchmarking/models/llama/llama-2-7b/lora/yard1_sql-lora-test_dummy_rank_16/
dummy-10,/gpfs/scratch/bsc98/bsc098069/llm_benchmarking/models/llama/llama-2-7b/lora/yard1_sql-lora-test_dummy_rank_16/
dummy-724,/gpfs/scratch/bsc98/bsc098069/llm_benchmarking/models/llama/llama-2-7b/lora/yard1_sql-lora-test_dummy_rank_16/
dummy-690,/gpfs/scratch/bsc98/bsc098069/llm_benchmarking/models/llama/llama-2-7b/lora/yard1_sql-lora-test_dummy_rank_16/
dummy-213,/gpfs/scratch/bsc98/bsc098069/llm_benchmarking/models/llama/llama-2-7b/lora/yard1_sql-lora-test_dummy_rank_16/
dummy-736,/gpfs/scratch/bsc98/bsc098069/llm_benchmarking/models/llama/llama-2-7b/lora/yard1_sql-lora-test_dummy_rank_16/
dummy-74,/gpfs/scratch/bsc98/bsc098069/llm_benchmarking/models/llama/llama-2-7b/lora/yard1_sql-lora-test_dummy_rank_16/
dummy-646,/gpfs/scratch/bsc98/bsc098069/llm_benchmarking/models/llama/llama-2-7b/lora/yard1_sql-lora-test_dummy_rank_16/
dummy-339,/gpfs/scratch/bsc98/bsc098069/llm_benchmarking/models/llama/llama-2-7b/lora/yard1_sql-lora-test_dummy_rank_16/
dummy-697,/gpfs/scratch/bsc98/bsc098069/llm_benchmarking/models/llama/llama-2-7b/lora/yard1_sql-lora-test_dummy_rank_16/
dummy-483,/gpfs/scratch/bsc98/bsc098069/llm_benchmarking/models/llama/llama-2-7b/lora/yard1_sql-lora-test_dummy_rank_16/
dummy-16,/gpfs/scratch/bsc98/bsc098069/llm_benchmarking/models/llama/llama-2-7b/lora/yard1_sql-lora-test_dummy_rank_16/
dummy-539,/gpfs/scratch/bsc98/bsc098069/llm_benchmarking/models/llama/llama-2-7b/lora/yard1_sql-lora-test_dummy_rank_16/
dummy-497,/gpfs/scratch/bsc98/bsc098069/llm_benchmarking/models/llama/llama-2-7b/lora/yard1_sql-lora-test_dummy_rank_16/
dummy-342,/gpfs/scratch/bsc98/bsc098069/llm_benchmarking/models/llama/llama-2-7b/lora/yard1_sql-lora-test_dummy_rank_16/
dummy-168,/gpfs/scratch/bsc98/bsc098069/llm_benchmarking/models/llama/llama-2-7b/lora/yard1_sql-lora-test_dummy_rank_16/
dummy-198,/gpfs/scratch/bsc98/bsc098069/llm_benchmarking/models/llama/llama-2-7b/lora/yard1_sql-lora-test_dummy_rank_16/
dummy-419,/gpfs/scratch/bsc98/bsc098069/llm_benchmarking/models/llama/llama-2-7b/lora/yard1_sql-lora-test_dummy_rank_16/
dummy-260,/gpfs/scratch/bsc98/bsc098069/llm_benchmarking/models/llama/llama-2-7b/lora/yard1_sql-lora-test_dummy_rank_16/
dummy-242,/gpfs/scratch/bsc98/bsc098069/llm_benchmarking/models/llama/llama-2-7b/lora/yard1_sql-lora-test_dummy_rank_16/
dummy-578,/gpfs/scratch/bsc98/bsc098069/llm_benchmarking/models/llama/llama-2-7b/lora/yard1_sql-lora-test_dummy_rank_16/
dummy-343,/gpfs/scratch/bsc98/bsc098069/llm_benchmarking/models/llama/llama-2-7b/lora/yard1_sql-lora-test_dummy_rank_16/
dummy-685,/gpfs/scratch/bsc98/bsc098069/llm_benchmarking/models/llama/llama-2-7b/lora/yard1_sql-lora-test_dummy_rank_16/
dummy-17,/gpfs/scratch/bsc98/bsc098069/llm_benchmarking/models/llama/llama-2-7b/lora/yard1_sql-lora-test_dummy_rank_16/
dummy-695,/gpfs/scratch/bsc98/bsc098069/llm_benchmarking/models/llama/llama-2-7b/lora/yard1_sql-lora-test_dummy_rank_16/
dummy-66,/gpfs/scratch/bsc98/bsc098069/llm_benchmarking/models/llama/llama-2-7b/lora/yard1_sql-lora-test_dummy_rank_16/
dummy-146,/gpfs/scratch/bsc98/bsc098069/llm_benchmarking/models/llama/llama-2-7b/lora/yard1_sql-lora-test_dummy_rank_16/
dummy-156,/gpfs/scratch/bsc98/bsc098069/llm_benchmarking/models/llama/llama-2-7b/lora/yard1_sql-lora-test_dummy_rank_16/
dummy-396,/gpfs/scratch/bsc98/bsc098069/llm_benchmarking/models/llama/llama-2-7b/lora/yard1_sql-lora-test_dummy_rank_16/
dummy-691,/gpfs/scratch/bsc98/bsc098069/llm_benchmarking/models/llama/llama-2-7b/lora/yard1_sql-lora-test_dummy_rank_16/
dummy-1,/gpfs/scratch/bsc98/bsc098069/llm_benchmarking/models/llama/llama-2-7b/lora/yard1_sql-lora-test_dummy_rank_16/
dummy-70,/gpfs/scratch/bsc98/bsc098069/llm_benchmarking/models/llama/llama-2-7b/lora/yard1_sql-lora-test_dummy_rank_16/
dummy-120,/gpfs/scratch/bsc98/bsc098069/llm_benchmarking/models/llama/llama-2-7b/lora/yard1_sql-lora-test_dummy_rank_16/
dummy-729,/gpfs/scratch/bsc98/bsc098069/llm_benchmarking/models/llama/llama-2-7b/lora/yard1_sql-lora-test_dummy_rank_16/
dummy-388,/gpfs/scratch/bsc98/bsc098069/llm_benchmarking/models/llama/llama-2-7b/lora/yard1_sql-lora-test_dummy_rank_16/
dummy-541,/gpfs/scratch/bsc98/bsc098069/llm_benchmarking/models/llama/llama-2-7b/lora/yard1_sql-lora-test_dummy_rank_16/
dummy-514,/gpfs/scratch/bsc98/bsc098069/llm_benchmarking/models/llama/llama-2-7b/lora/yard1_sql-lora-test_dummy_rank_16/
dummy-458,/gpfs/scratch/bsc98/bsc098069/llm_benchmarking/models/llama/llama-2-7b/lora/yard1_sql-lora-test_dummy_rank_16/
dummy-219,/gpfs/scratch/bsc98/bsc098069/llm_benchmarking/models/llama/llama-2-7b/lora/yard1_sql-lora-test_dummy_rank_16/
dummy-667,/gpfs/scratch/bsc98/bsc098069/llm_benchmarking/models/llama/llama-2-7b/lora/yard1_sql-lora-test_dummy_rank_16/
dummy-530,/gpfs/scratch/bsc98/bsc098069/llm_benchmarking/models/llama/llama-2-7b/lora/yard1_sql-lora-test_dummy_rank_16/
dummy-630,/gpfs/scratch/bsc98/bsc098069/llm_benchmarking/models/llama/llama-2-7b/lora/yard1_sql-lora-test_dummy_rank_16/
dummy-97,/gpfs/scratch/bsc98/bsc098069/llm_benchmarking/models/llama/llama-2-7b/lora/yard1_sql-lora-test_dummy_rank_16/
dummy-526,/gpfs/scratch/bsc98/bsc098069/llm_benchmarking/models/llama/llama-2-7b/lora/yard1_sql-lora-test_dummy_rank_16/
dummy-272,/gpfs/scratch/bsc98/bsc098069/llm_benchmarking/models/llama/llama-2-7b/lora/yard1_sql-lora-test_dummy_rank_16/
dummy-196,/gpfs/scratch/bsc98/bsc098069/llm_benchmarking/models/llama/llama-2-7b/lora/yard1_sql-lora-test_dummy_rank_16/
dummy-11,/gpfs/scratch/bsc98/bsc098069/llm_benchmarking/models/llama/llama-2-7b/lora/yard1_sql-lora-test_dummy_rank_16/
dummy-438,/gpfs/scratch/bsc98/bsc098069/llm_benchmarking/models/llama/llama-2-7b/lora/yard1_sql-lora-test_dummy_rank_16/
dummy-741,/gpfs/scratch/bsc98/bsc098069/llm_benchmarking/models/llama/llama-2-7b/lora/yard1_sql-lora-test_dummy_rank_16/
dummy-77,/gpfs/scratch/bsc98/bsc098069/llm_benchmarking/models/llama/llama-2-7b/lora/yard1_sql-lora-test_dummy_rank_16/
dummy-666,/gpfs/scratch/bsc98/bsc098069/llm_benchmarking/models/llama/llama-2-7b/lora/yard1_sql-lora-test_dummy_rank_16/
dummy-170,/gpfs/scratch/bsc98/bsc098069/llm_benchmarking/models/llama/llama-2-7b/lora/yard1_sql-lora-test_dummy_rank_16/
dummy-230,/gpfs/scratch/bsc98/bsc098069/llm_benchmarking/models/llama/llama-2-7b/lora/yard1_sql-lora-test_dummy_rank_16/
dummy-8,/gpfs/scratch/bsc98/bsc098069/llm_benchmarking/models/llama/llama-2-7b/lora/yard1_sql-lora-test_dummy_rank_16/
dummy-668,/gpfs/scratch/bsc98/bsc098069/llm_benchmarking/models/llama/llama-2-7b/lora/yard1_sql-lora-test_dummy_rank_16/
dummy-540,/gpfs/scratch/bsc98/bsc098069/llm_benchmarking/models/llama/llama-2-7b/lora/yard1_sql-lora-test_dummy_rank_16/
dummy-67,/gpfs/scratch/bsc98/bsc098069/llm_benchmarking/models/llama/llama-2-7b/lora/yard1_sql-lora-test_dummy_rank_16/
dummy-614,/gpfs/scratch/bsc98/bsc098069/llm_benchmarking/models/llama/llama-2-7b/lora/yard1_sql-lora-test_dummy_rank_16/
dummy-290,/gpfs/scratch/bsc98/bsc098069/llm_benchmarking/models/llama/llama-2-7b/lora/yard1_sql-lora-test_dummy_rank_16/
dummy-706,/gpfs/scratch/bsc98/bsc098069/llm_benchmarking/models/llama/llama-2-7b/lora/yard1_sql-lora-test_dummy_rank_16/
dummy-528,/gpfs/scratch/bsc98/bsc098069/llm_benchmarking/models/llama/llama-2-7b/lora/yard1_sql-lora-test_dummy_rank_16/
dummy-652,/gpfs/scratch/bsc98/bsc098069/llm_benchmarking/models/llama/llama-2-7b/lora/yard1_sql-lora-test_dummy_rank_16/
dummy-367,/gpfs/scratch/bsc98/bsc098069/llm_benchmarking/models/llama/llama-2-7b/lora/yard1_sql-lora-test_dummy_rank_16/
dummy-446,/gpfs/scratch/bsc98/bsc098069/llm_benchmarking/models/llama/llama-2-7b/lora/yard1_sql-lora-test_dummy_rank_16/
dummy-746,/gpfs/scratch/bsc98/bsc098069/llm_benchmarking/models/llama/llama-2-7b/lora/yard1_sql-lora-test_dummy_rank_16/
dummy-195,/gpfs/scratch/bsc98/bsc098069/llm_benchmarking/models/llama/llama-2-7b/lora/yard1_sql-lora-test_dummy_rank_16/
dummy-567,/gpfs/scratch/bsc98/bsc098069/llm_benchmarking/models/llama/llama-2-7b/lora/yard1_sql-lora-test_dummy_rank_16/
dummy-468,/gpfs/scratch/bsc98/bsc098069/llm_benchmarking/models/llama/llama-2-7b/lora/yard1_sql-lora-test_dummy_rank_16/
dummy-314,/gpfs/scratch/bsc98/bsc098069/llm_benchmarking/models/llama/llama-2-7b/lora/yard1_sql-lora-test_dummy_rank_16/
dummy-560,/gpfs/scratch/bsc98/bsc098069/llm_benchmarking/models/llama/llama-2-7b/lora/yard1_sql-lora-test_dummy_rank_16/
dummy-19,/gpfs/scratch/bsc98/bsc098069/llm_benchmarking/models/llama/llama-2-7b/lora/yard1_sql-lora-test_dummy_rank_16/
dummy-117,/gpfs/scratch/bsc98/bsc098069/llm_benchmarking/models/llama/llama-2-7b/lora/yard1_sql-lora-test_dummy_rank_16/
dummy-163,/gpfs/scratch/bsc98/bsc098069/llm_benchmarking/models/llama/llama-2-7b/lora/yard1_sql-lora-test_dummy_rank_16/
dummy-175,/gpfs/scratch/bsc98/bsc098069/llm_benchmarking/models/llama/llama-2-7b/lora/yard1_sql-lora-test_dummy_rank_16/
dummy-693,/gpfs/scratch/bsc98/bsc098069/llm_benchmarking/models/llama/llama-2-7b/lora/yard1_sql-lora-test_dummy_rank_16/
dummy-113,/gpfs/scratch/bsc98/bsc098069/llm_benchmarking/models/llama/llama-2-7b/lora/yard1_sql-lora-test_dummy_rank_16/
dummy-641,/gpfs/scratch/bsc98/bsc098069/llm_benchmarking/models/llama/llama-2-7b/lora/yard1_sql-lora-test_dummy_rank_16/
dummy-335,/gpfs/scratch/bsc98/bsc098069/llm_benchmarking/models/llama/llama-2-7b/lora/yard1_sql-lora-test_dummy_rank_16/
dummy-256,/gpfs/scratch/bsc98/bsc098069/llm_benchmarking/models/llama/llama-2-7b/lora/yard1_sql-lora-test_dummy_rank_16/
dummy-377,/gpfs/scratch/bsc98/bsc098069/llm_benchmarking/models/llama/llama-2-7b/lora/yard1_sql-lora-test_dummy_rank_16/
dummy-166,/gpfs/scratch/bsc98/bsc098069/llm_benchmarking/models/llama/llama-2-7b/lora/yard1_sql-lora-test_dummy_rank_16/
dummy-254,/gpfs/scratch/bsc98/bsc098069/llm_benchmarking/models/llama/llama-2-7b/lora/yard1_sql-lora-test_dummy_rank_16/
dummy-629,/gpfs/scratch/bsc98/bsc098069/llm_benchmarking/models/llama/llama-2-7b/lora/yard1_sql-lora-test_dummy_rank_16/
dummy-217,/gpfs/scratch/bsc98/bsc098069/llm_benchmarking/models/llama/llama-2-7b/lora/yard1_sql-lora-test_dummy_rank_16/
dummy-26,/gpfs/scratch/bsc98/bsc098069/llm_benchmarking/models/llama/llama-2-7b/lora/yard1_sql-lora-test_dummy_rank_16/
dummy-289,/gpfs/scratch/bsc98/bsc098069/llm_benchmarking/models/llama/llama-2-7b/lora/yard1_sql-lora-test_dummy_rank_16/
dummy-626,/gpfs/scratch/bsc98/bsc098069/llm_benchmarking/models/llama/llama-2-7b/lora/yard1_sql-lora-test_dummy_rank_16/
dummy-250,/gpfs/scratch/bsc98/bsc098069/llm_benchmarking/models/llama/llama-2-7b/lora/yard1_sql-lora-test_dummy_rank_16/
dummy-307,/gpfs/scratch/bsc98/bsc098069/llm_benchmarking/models/llama/llama-2-7b/lora/yard1_sql-lora-test_dummy_rank_16/
dummy-735,/gpfs/scratch/bsc98/bsc098069/llm_benchmarking/models/llama/llama-2-7b/lora/yard1_sql-lora-test_dummy_rank_16/
dummy-535,/gpfs/scratch/bsc98/bsc098069/llm_benchmarking/models/llama/llama-2-7b/lora/yard1_sql-lora-test_dummy_rank_16/
dummy-355,/gpfs/scratch/bsc98/bsc098069/llm_benchmarking/models/llama/llama-2-7b/lora/yard1_sql-lora-test_dummy_rank_16/
dummy-273,/gpfs/scratch/bsc98/bsc098069/llm_benchmarking/models/llama/llama-2-7b/lora/yard1_sql-lora-test_dummy_rank_16/
dummy-678,/gpfs/scratch/bsc98/bsc098069/llm_benchmarking/models/llama/llama-2-7b/lora/yard1_sql-lora-test_dummy_rank_16/
dummy-235,/gpfs/scratch/bsc98/bsc098069/llm_benchmarking/models/llama/llama-2-7b/lora/yard1_sql-lora-test_dummy_rank_16/
dummy-365,/gpfs/scratch/bsc98/bsc098069/llm_benchmarking/models/llama/llama-2-7b/lora/yard1_sql-lora-test_dummy_rank_16/
dummy-589,/gpfs/scratch/bsc98/bsc098069/llm_benchmarking/models/llama/llama-2-7b/lora/yard1_sql-lora-test_dummy_rank_16/
dummy-609,/gpfs/scratch/bsc98/bsc098069/llm_benchmarking/models/llama/llama-2-7b/lora/yard1_sql-lora-test_dummy_rank_16/
dummy-320,/gpfs/scratch/bsc98/bsc098069/llm_benchmarking/models/llama/llama-2-7b/lora/yard1_sql-lora-test_dummy_rank_16/
dummy-297,/gpfs/scratch/bsc98/bsc098069/llm_benchmarking/models/llama/llama-2-7b/lora/yard1_sql-lora-test_dummy_rank_16/
dummy-450,/gpfs/scratch/bsc98/bsc098069/llm_benchmarking/models/llama/llama-2-7b/lora/yard1_sql-lora-test_dummy_rank_16/
dummy-329,/gpfs/scratch/bsc98/bsc098069/llm_benchmarking/models/llama/llama-2-7b/lora/yard1_sql-lora-test_dummy_rank_16/
dummy-435,/gpfs/scratch/bsc98/bsc098069/llm_benchmarking/models/llama/llama-2-7b/lora/yard1_sql-lora-test_dummy_rank_16/
dummy-132,/gpfs/scratch/bsc98/bsc098069/llm_benchmarking/models/llama/llama-2-7b/lora/yard1_sql-lora-test_dummy_rank_16/
dummy-204,/gpfs/scratch/bsc98/bsc098069/llm_benchmarking/models/llama/llama-2-7b/lora/yard1_sql-lora-test_dummy_rank_16/
dummy-627,/gpfs/scratch/bsc98/bsc098069/llm_benchmarking/models/llama/llama-2-7b/lora/yard1_sql-lora-test_dummy_rank_16/
dummy-498,/gpfs/scratch/bsc98/bsc098069/llm_benchmarking/models/llama/llama-2-7b/lora/yard1_sql-lora-test_dummy_rank_16/
dummy-658,/gpfs/scratch/bsc98/bsc098069/llm_benchmarking/models/llama/llama-2-7b/lora/yard1_sql-lora-test_dummy_rank_16/
dummy-702,/gpfs/scratch/bsc98/bsc098069/llm_benchmarking/models/llama/llama-2-7b/lora/yard1_sql-lora-test_dummy_rank_16/
dummy-18,/gpfs/scratch/bsc98/bsc098069/llm_benchmarking/models/llama/llama-2-7b/lora/yard1_sql-lora-test_dummy_rank_16/
dummy-15,/gpfs/scratch/bsc98/bsc098069/llm_benchmarking/models/llama/llama-2-7b/lora/yard1_sql-lora-test_dummy_rank_16/
dummy-33,/gpfs/scratch/bsc98/bsc098069/llm_benchmarking/models/llama/llama-2-7b/lora/yard1_sql-lora-test_dummy_rank_16/
dummy-406,/gpfs/scratch/bsc98/bsc098069/llm_benchmarking/models/llama/llama-2-7b/lora/yard1_sql-lora-test_dummy_rank_16/
dummy-622,/gpfs/scratch/bsc98/bsc098069/llm_benchmarking/models/llama/llama-2-7b/lora/yard1_sql-lora-test_dummy_rank_16/
dummy-215,/gpfs/scratch/bsc98/bsc098069/llm_benchmarking/models/llama/llama-2-7b/lora/yard1_sql-lora-test_dummy_rank_16/
dummy-221,/gpfs/scratch/bsc98/bsc098069/llm_benchmarking/models/llama/llama-2-7b/lora/yard1_sql-lora-test_dummy_rank_16/
dummy-756,/gpfs/scratch/bsc98/bsc098069/llm_benchmarking/models/llama/llama-2-7b/lora/yard1_sql-lora-test_dummy_rank_16/
dummy-491,/gpfs/scratch/bsc98/bsc098069/llm_benchmarking/models/llama/llama-2-7b/lora/yard1_sql-lora-test_dummy_rank_16/
dummy-656,/gpfs/scratch/bsc98/bsc098069/llm_benchmarking/models/llama/llama-2-7b/lora/yard1_sql-lora-test_dummy_rank_16/
dummy-145,/gpfs/scratch/bsc98/bsc098069/llm_benchmarking/models/llama/llama-2-7b/lora/yard1_sql-lora-test_dummy_rank_16/
dummy-679,/gpfs/scratch/bsc98/bsc098069/llm_benchmarking/models/llama/llama-2-7b/lora/yard1_sql-lora-test_dummy_rank_16/
dummy-463,/gpfs/scratch/bsc98/bsc098069/llm_benchmarking/models/llama/llama-2-7b/lora/yard1_sql-lora-test_dummy_rank_16/
dummy-452,/gpfs/scratch/bsc98/bsc098069/llm_benchmarking/models/llama/llama-2-7b/lora/yard1_sql-lora-test_dummy_rank_16/
dummy-112,/gpfs/scratch/bsc98/bsc098069/llm_benchmarking/models/llama/llama-2-7b/lora/yard1_sql-lora-test_dummy_rank_16/
dummy-424,/gpfs/scratch/bsc98/bsc098069/llm_benchmarking/models/llama/llama-2-7b/lora/yard1_sql-lora-test_dummy_rank_16/
dummy-581,/gpfs/scratch/bsc98/bsc098069/llm_benchmarking/models/llama/llama-2-7b/lora/yard1_sql-lora-test_dummy_rank_16/
dummy-642,/gpfs/scratch/bsc98/bsc098069/llm_benchmarking/models/llama/llama-2-7b/lora/yard1_sql-lora-test_dummy_rank_16/
dummy-338,/gpfs/scratch/bsc98/bsc098069/llm_benchmarking/models/llama/llama-2-7b/lora/yard1_sql-lora-test_dummy_rank_16/
dummy-536,/gpfs/scratch/bsc98/bsc098069/llm_benchmarking/models/llama/llama-2-7b/lora/yard1_sql-lora-test_dummy_rank_16/
dummy-765,/gpfs/scratch/bsc98/bsc098069/llm_benchmarking/models/llama/llama-2-7b/lora/yard1_sql-lora-test_dummy_rank_16/
dummy-116,/gpfs/scratch/bsc98/bsc098069/llm_benchmarking/models/llama/llama-2-7b/lora/yard1_sql-lora-test_dummy_rank_16/
dummy-655,/gpfs/scratch/bsc98/bsc098069/llm_benchmarking/models/llama/llama-2-7b/lora/yard1_sql-lora-test_dummy_rank_16/
dummy-500,/gpfs/scratch/bsc98/bsc098069/llm_benchmarking/models/llama/llama-2-7b/lora/yard1_sql-lora-test_dummy_rank_16/
dummy-431,/gpfs/scratch/bsc98/bsc098069/llm_benchmarking/models/llama/llama-2-7b/lora/yard1_sql-lora-test_dummy_rank_16/
dummy-304,/gpfs/scratch/bsc98/bsc098069/llm_benchmarking/models/llama/llama-2-7b/lora/yard1_sql-lora-test_dummy_rank_16/
dummy-402,/gpfs/scratch/bsc98/bsc098069/llm_benchmarking/models/llama/llama-2-7b/lora/yard1_sql-lora-test_dummy_rank_16/
dummy-131,/gpfs/scratch/bsc98/bsc098069/llm_benchmarking/models/llama/llama-2-7b/lora/yard1_sql-lora-test_dummy_rank_16/
dummy-744,/gpfs/scratch/bsc98/bsc098069/llm_benchmarking/models/llama/llama-2-7b/lora/yard1_sql-lora-test_dummy_rank_16/
dummy-82,/gpfs/scratch/bsc98/bsc098069/llm_benchmarking/models/llama/llama-2-7b/lora/yard1_sql-lora-test_dummy_rank_16/
dummy-34,/gpfs/scratch/bsc98/bsc098069/llm_benchmarking/models/llama/llama-2-7b/lora/yard1_sql-lora-test_dummy_rank_16/
dummy-36,/gpfs/scratch/bsc98/bsc098069/llm_benchmarking/models/llama/llama-2-7b/lora/yard1_sql-lora-test_dummy_rank_16/
dummy-703,/gpfs/scratch/bsc98/bsc098069/llm_benchmarking/models/llama/llama-2-7b/lora/yard1_sql-lora-test_dummy_rank_16/
dummy-434,/gpfs/scratch/bsc98/bsc098069/llm_benchmarking/models/llama/llama-2-7b/lora/yard1_sql-lora-test_dummy_rank_16/
dummy-759,/gpfs/scratch/bsc98/bsc098069/llm_benchmarking/models/llama/llama-2-7b/lora/yard1_sql-lora-test_dummy_rank_16/
dummy-623,/gpfs/scratch/bsc98/bsc098069/llm_benchmarking/models/llama/llama-2-7b/lora/yard1_sql-lora-test_dummy_rank_16/
dummy-517,/gpfs/scratch/bsc98/bsc098069/llm_benchmarking/models/llama/llama-2-7b/lora/yard1_sql-lora-test_dummy_rank_16/
dummy-80,/gpfs/scratch/bsc98/bsc098069/llm_benchmarking/models/llama/llama-2-7b/lora/yard1_sql-lora-test_dummy_rank_16/
dummy-348,/gpfs/scratch/bsc98/bsc098069/llm_benchmarking/models/llama/llama-2-7b/lora/yard1_sql-lora-test_dummy_rank_16/
dummy-687,/gpfs/scratch/bsc98/bsc098069/llm_benchmarking/models/llama/llama-2-7b/lora/yard1_sql-lora-test_dummy_rank_16/
dummy-493,/gpfs/scratch/bsc98/bsc098069/llm_benchmarking/models/llama/llama-2-7b/lora/yard1_sql-lora-test_dummy_rank_16/
dummy-421,/gpfs/scratch/bsc98/bsc098069/llm_benchmarking/models/llama/llama-2-7b/lora/yard1_sql-lora-test_dummy_rank_16/
dummy-179,/gpfs/scratch/bsc98/bsc098069/llm_benchmarking/models/llama/llama-2-7b/lora/yard1_sql-lora-test_dummy_rank_16/
dummy-130,/gpfs/scratch/bsc98/bsc098069/llm_benchmarking/models/llama/llama-2-7b/lora/yard1_sql-lora-test_dummy_rank_16/
dummy-598,/gpfs/scratch/bsc98/bsc098069/llm_benchmarking/models/llama/llama-2-7b/lora/yard1_sql-lora-test_dummy_rank_16/
dummy-711,/gpfs/scratch/bsc98/bsc098069/llm_benchmarking/models/llama/llama-2-7b/lora/yard1_sql-lora-test_dummy_rank_16/
dummy-556,/gpfs/scratch/bsc98/bsc098069/llm_benchmarking/models/llama/llama-2-7b/lora/yard1_sql-lora-test_dummy_rank_16/
dummy-634,/gpfs/scratch/bsc98/bsc098069/llm_benchmarking/models/llama/llama-2-7b/lora/yard1_sql-lora-test_dummy_rank_16/
dummy-635,/gpfs/scratch/bsc98/bsc098069/llm_benchmarking/models/llama/llama-2-7b/lora/yard1_sql-lora-test_dummy_rank_16/
dummy-426,/gpfs/scratch/bsc98/bsc098069/llm_benchmarking/models/llama/llama-2-7b/lora/yard1_sql-lora-test_dummy_rank_16/
dummy-105,/gpfs/scratch/bsc98/bsc098069/llm_benchmarking/models/llama/llama-2-7b/lora/yard1_sql-lora-test_dummy_rank_16/
dummy-660,/gpfs/scratch/bsc98/bsc098069/llm_benchmarking/models/llama/llama-2-7b/lora/yard1_sql-lora-test_dummy_rank_16/
dummy-606,/gpfs/scratch/bsc98/bsc098069/llm_benchmarking/models/llama/llama-2-7b/lora/yard1_sql-lora-test_dummy_rank_16/
dummy-51,/gpfs/scratch/bsc98/bsc098069/llm_benchmarking/models/llama/llama-2-7b/lora/yard1_sql-lora-test_dummy_rank_16/
dummy-3,/gpfs/scratch/bsc98/bsc098069/llm_benchmarking/models/llama/llama-2-7b/lora/yard1_sql-lora-test_dummy_rank_16/
dummy-157,/gpfs/scratch/bsc98/bsc098069/llm_benchmarking/models/llama/llama-2-7b/lora/yard1_sql-lora-test_dummy_rank_16/
dummy-154,/gpfs/scratch/bsc98/bsc098069/llm_benchmarking/models/llama/llama-2-7b/lora/yard1_sql-lora-test_dummy_rank_16/
dummy-101,/gpfs/scratch/bsc98/bsc098069/llm_benchmarking/models/llama/llama-2-7b/lora/yard1_sql-lora-test_dummy_rank_16/
dummy-576,/gpfs/scratch/bsc98/bsc098069/llm_benchmarking/models/llama/llama-2-7b/lora/yard1_sql-lora-test_dummy_rank_16/
dummy-155,/gpfs/scratch/bsc98/bsc098069/llm_benchmarking/models/llama/llama-2-7b/lora/yard1_sql-lora-test_dummy_rank_16/
dummy-595,/gpfs/scratch/bsc98/bsc098069/llm_benchmarking/models/llama/llama-2-7b/lora/yard1_sql-lora-test_dummy_rank_16/
dummy-464,/gpfs/scratch/bsc98/bsc098069/llm_benchmarking/models/llama/llama-2-7b/lora/yard1_sql-lora-test_dummy_rank_16/
dummy-357,/gpfs/scratch/bsc98/bsc098069/llm_benchmarking/models/llama/llama-2-7b/lora/yard1_sql-lora-test_dummy_rank_16/
dummy-462,/gpfs/scratch/bsc98/bsc098069/llm_benchmarking/models/llama/llama-2-7b/lora/yard1_sql-lora-test_dummy_rank_16/
dummy-565,/gpfs/scratch/bsc98/bsc098069/llm_benchmarking/models/llama/llama-2-7b/lora/yard1_sql-lora-test_dummy_rank_16/
dummy-233,/gpfs/scratch/bsc98/bsc098069/llm_benchmarking/models/llama/llama-2-7b/lora/yard1_sql-lora-test_dummy_rank_16/
dummy-123,/gpfs/scratch/bsc98/bsc098069/llm_benchmarking/models/llama/llama-2-7b/lora/yard1_sql-lora-test_dummy_rank_16/
dummy-352,/gpfs/scratch/bsc98/bsc098069/llm_benchmarking/models/llama/llama-2-7b/lora/yard1_sql-lora-test_dummy_rank_16/
dummy-245,/gpfs/scratch/bsc98/bsc098069/llm_benchmarking/models/llama/llama-2-7b/lora/yard1_sql-lora-test_dummy_rank_16/
dummy-59,/gpfs/scratch/bsc98/bsc098069/llm_benchmarking/models/llama/llama-2-7b/lora/yard1_sql-lora-test_dummy_rank_16/
dummy-151,/gpfs/scratch/bsc98/bsc098069/llm_benchmarking/models/llama/llama-2-7b/lora/yard1_sql-lora-test_dummy_rank_16/
dummy-305,/gpfs/scratch/bsc98/bsc098069/llm_benchmarking/models/llama/llama-2-7b/lora/yard1_sql-lora-test_dummy_rank_16/
dummy-509,/gpfs/scratch/bsc98/bsc098069/llm_benchmarking/models/llama/llama-2-7b/lora/yard1_sql-lora-test_dummy_rank_16/
dummy-9,/gpfs/scratch/bsc98/bsc098069/llm_benchmarking/models/llama/llama-2-7b/lora/yard1_sql-lora-test_dummy_rank_16/
dummy-185,/gpfs/scratch/bsc98/bsc098069/llm_benchmarking/models/llama/llama-2-7b/lora/yard1_sql-lora-test_dummy_rank_16/
dummy-135,/gpfs/scratch/bsc98/bsc098069/llm_benchmarking/models/llama/llama-2-7b/lora/yard1_sql-lora-test_dummy_rank_16/
dummy-299,/gpfs/scratch/bsc98/bsc098069/llm_benchmarking/models/llama/llama-2-7b/lora/yard1_sql-lora-test_dummy_rank_16/
dummy-657,/gpfs/scratch/bsc98/bsc098069/llm_benchmarking/models/llama/llama-2-7b/lora/yard1_sql-lora-test_dummy_rank_16/
dummy-95,/gpfs/scratch/bsc98/bsc098069/llm_benchmarking/models/llama/llama-2-7b/lora/yard1_sql-lora-test_dummy_rank_16/
dummy-428,/gpfs/scratch/bsc98/bsc098069/llm_benchmarking/models/llama/llama-2-7b/lora/yard1_sql-lora-test_dummy_rank_16/
dummy-460,/gpfs/scratch/bsc98/bsc098069/llm_benchmarking/models/llama/llama-2-7b/lora/yard1_sql-lora-test_dummy_rank_16/
dummy-612,/gpfs/scratch/bsc98/bsc098069/llm_benchmarking/models/llama/llama-2-7b/lora/yard1_sql-lora-test_dummy_rank_16/
dummy-745,/gpfs/scratch/bsc98/bsc098069/llm_benchmarking/models/llama/llama-2-7b/lora/yard1_sql-lora-test_dummy_rank_16/
dummy-654,/gpfs/scratch/bsc98/bsc098069/llm_benchmarking/models/llama/llama-2-7b/lora/yard1_sql-lora-test_dummy_rank_16/
dummy-584,/gpfs/scratch/bsc98/bsc098069/llm_benchmarking/models/llama/llama-2-7b/lora/yard1_sql-lora-test_dummy_rank_16/
dummy-534,/gpfs/scratch/bsc98/bsc098069/llm_benchmarking/models/llama/llama-2-7b/lora/yard1_sql-lora-test_dummy_rank_16/
dummy-552,/gpfs/scratch/bsc98/bsc098069/llm_benchmarking/models/llama/llama-2-7b/lora/yard1_sql-lora-test_dummy_rank_16/
dummy-189,/gpfs/scratch/bsc98/bsc098069/llm_benchmarking/models/llama/llama-2-7b/lora/yard1_sql-lora-test_dummy_rank_16/
dummy-709,/gpfs/scratch/bsc98/bsc098069/llm_benchmarking/models/llama/llama-2-7b/lora/yard1_sql-lora-test_dummy_rank_16/
dummy-326,/gpfs/scratch/bsc98/bsc098069/llm_benchmarking/models/llama/llama-2-7b/lora/yard1_sql-lora-test_dummy_rank_16/
dummy-49,/gpfs/scratch/bsc98/bsc098069/llm_benchmarking/models/llama/llama-2-7b/lora/yard1_sql-lora-test_dummy_rank_16/
dummy-557,/gpfs/scratch/bsc98/bsc098069/llm_benchmarking/models/llama/llama-2-7b/lora/yard1_sql-lora-test_dummy_rank_16/
dummy-439,/gpfs/scratch/bsc98/bsc098069/llm_benchmarking/models/llama/llama-2-7b/lora/yard1_sql-lora-test_dummy_rank_16/
dummy-71,/gpfs/scratch/bsc98/bsc098069/llm_benchmarking/models/llama/llama-2-7b/lora/yard1_sql-lora-test_dummy_rank_16/
dummy-730,/gpfs/scratch/bsc98/bsc098069/llm_benchmarking/models/llama/llama-2-7b/lora/yard1_sql-lora-test_dummy_rank_16/
dummy-150,/gpfs/scratch/bsc98/bsc098069/llm_benchmarking/models/llama/llama-2-7b/lora/yard1_sql-lora-test_dummy_rank_16/
dummy-637,/gpfs/scratch/bsc98/bsc098069/llm_benchmarking/models/llama/llama-2-7b/lora/yard1_sql-lora-test_dummy_rank_16/
dummy-193,/gpfs/scratch/bsc98/bsc098069/llm_benchmarking/models/llama/llama-2-7b/lora/yard1_sql-lora-test_dummy_rank_16/
dummy-140,/gpfs/scratch/bsc98/bsc098069/llm_benchmarking/models/llama/llama-2-7b/lora/yard1_sql-lora-test_dummy_rank_16/
dummy-92,/gpfs/scratch/bsc98/bsc098069/llm_benchmarking/models/llama/llama-2-7b/lora/yard1_sql-lora-test_dummy_rank_16/
dummy-236,/gpfs/scratch/bsc98/bsc098069/llm_benchmarking/models/llama/llama-2-7b/lora/yard1_sql-lora-test_dummy_rank_16/
dummy-211,/gpfs/scratch/bsc98/bsc098069/llm_benchmarking/models/llama/llama-2-7b/lora/yard1_sql-lora-test_dummy_rank_16/
dummy-316,/gpfs/scratch/bsc98/bsc098069/llm_benchmarking/models/llama/llama-2-7b/lora/yard1_sql-lora-test_dummy_rank_16/
dummy-328,/gpfs/scratch/bsc98/bsc098069/llm_benchmarking/models/llama/llama-2-7b/lora/yard1_sql-lora-test_dummy_rank_16/
dummy-62,/gpfs/scratch/bsc98/bsc098069/llm_benchmarking/models/llama/llama-2-7b/lora/yard1_sql-lora-test_dummy_rank_16/
dummy-451,/gpfs/scratch/bsc98/bsc098069/llm_benchmarking/models/llama/llama-2-7b/lora/yard1_sql-lora-test_dummy_rank_16/
dummy-495,/gpfs/scratch/bsc98/bsc098069/llm_benchmarking/models/llama/llama-2-7b/lora/yard1_sql-lora-test_dummy_rank_16/
dummy-708,/gpfs/scratch/bsc98/bsc098069/llm_benchmarking/models/llama/llama-2-7b/lora/yard1_sql-lora-test_dummy_rank_16/
dummy-570,/gpfs/scratch/bsc98/bsc098069/llm_benchmarking/models/llama/llama-2-7b/lora/yard1_sql-lora-test_dummy_rank_16/
dummy-312,/gpfs/scratch/bsc98/bsc098069/llm_benchmarking/models/llama/llama-2-7b/lora/yard1_sql-lora-test_dummy_rank_16/
dummy-390,/gpfs/scratch/bsc98/bsc098069/llm_benchmarking/models/llama/llama-2-7b/lora/yard1_sql-lora-test_dummy_rank_16/
dummy-751,/gpfs/scratch/bsc98/bsc098069/llm_benchmarking/models/llama/llama-2-7b/lora/yard1_sql-lora-test_dummy_rank_16/
dummy-518,/gpfs/scratch/bsc98/bsc098069/llm_benchmarking/models/llama/llama-2-7b/lora/yard1_sql-lora-test_dummy_rank_16/
dummy-22,/gpfs/scratch/bsc98/bsc098069/llm_benchmarking/models/llama/llama-2-7b/lora/yard1_sql-lora-test_dummy_rank_16/
dummy-107,/gpfs/scratch/bsc98/bsc098069/llm_benchmarking/models/llama/llama-2-7b/lora/yard1_sql-lora-test_dummy_rank_16/
dummy-241,/gpfs/scratch/bsc98/bsc098069/llm_benchmarking/models/llama/llama-2-7b/lora/yard1_sql-lora-test_dummy_rank_16/
dummy-239,/gpfs/scratch/bsc98/bsc098069/llm_benchmarking/models/llama/llama-2-7b/lora/yard1_sql-lora-test_dummy_rank_16/
dummy-162,/gpfs/scratch/bsc98/bsc098069/llm_benchmarking/models/llama/llama-2-7b/lora/yard1_sql-lora-test_dummy_rank_16/
dummy-371,/gpfs/scratch/bsc98/bsc098069/llm_benchmarking/models/llama/llama-2-7b/lora/yard1_sql-lora-test_dummy_rank_16/
dummy-115,/gpfs/scratch/bsc98/bsc098069/llm_benchmarking/models/llama/llama-2-7b/lora/yard1_sql-lora-test_dummy_rank_16/
dummy-43,/gpfs/scratch/bsc98/bsc098069/llm_benchmarking/models/llama/llama-2-7b/lora/yard1_sql-lora-test_dummy_rank_16/
dummy-653,/gpfs/scratch/bsc98/bsc098069/llm_benchmarking/models/llama/llama-2-7b/lora/yard1_sql-lora-test_dummy_rank_16/
dummy-153,/gpfs/scratch/bsc98/bsc098069/llm_benchmarking/models/llama/llama-2-7b/lora/yard1_sql-lora-test_dummy_rank_16/
dummy-639,/gpfs/scratch/bsc98/bsc098069/llm_benchmarking/models/llama/llama-2-7b/lora/yard1_sql-lora-test_dummy_rank_16/
dummy-677,/gpfs/scratch/bsc98/bsc098069/llm_benchmarking/models/llama/llama-2-7b/lora/yard1_sql-lora-test_dummy_rank_16/
dummy-436,/gpfs/scratch/bsc98/bsc098069/llm_benchmarking/models/llama/llama-2-7b/lora/yard1_sql-lora-test_dummy_rank_16/
dummy-143,/gpfs/scratch/bsc98/bsc098069/llm_benchmarking/models/llama/llama-2-7b/lora/yard1_sql-lora-test_dummy_rank_16/
dummy-563,/gpfs/scratch/bsc98/bsc098069/llm_benchmarking/models/llama/llama-2-7b/lora/yard1_sql-lora-test_dummy_rank_16/
dummy-447,/gpfs/scratch/bsc98/bsc098069/llm_benchmarking/models/llama/llama-2-7b/lora/yard1_sql-lora-test_dummy_rank_16/
dummy-683,/gpfs/scratch/bsc98/bsc098069/llm_benchmarking/models/llama/llama-2-7b/lora/yard1_sql-lora-test_dummy_rank_16/
dummy-160,/gpfs/scratch/bsc98/bsc098069/llm_benchmarking/models/llama/llama-2-7b/lora/yard1_sql-lora-test_dummy_rank_16/
dummy-474,/gpfs/scratch/bsc98/bsc098069/llm_benchmarking/models/llama/llama-2-7b/lora/yard1_sql-lora-test_dummy_rank_16/
dummy-714,/gpfs/scratch/bsc98/bsc098069/llm_benchmarking/models/llama/llama-2-7b/lora/yard1_sql-lora-test_dummy_rank_16/
dummy-550,/gpfs/scratch/bsc98/bsc098069/llm_benchmarking/models/llama/llama-2-7b/lora/yard1_sql-lora-test_dummy_rank_16/
dummy-588,/gpfs/scratch/bsc98/bsc098069/llm_benchmarking/models/llama/llama-2-7b/lora/yard1_sql-lora-test_dummy_rank_16/
dummy-591,/gpfs/scratch/bsc98/bsc098069/llm_benchmarking/models/llama/llama-2-7b/lora/yard1_sql-lora-test_dummy_rank_16/
dummy-308,/gpfs/scratch/bsc98/bsc098069/llm_benchmarking/models/llama/llama-2-7b/lora/yard1_sql-lora-test_dummy_rank_16/
dummy-327,/gpfs/scratch/bsc98/bsc098069/llm_benchmarking/models/llama/llama-2-7b/lora/yard1_sql-lora-test_dummy_rank_16/
dummy-330,/gpfs/scratch/bsc98/bsc098069/llm_benchmarking/models/llama/llama-2-7b/lora/yard1_sql-lora-test_dummy_rank_16/
dummy-582,/gpfs/scratch/bsc98/bsc098069/llm_benchmarking/models/llama/llama-2-7b/lora/yard1_sql-lora-test_dummy_rank_16/
dummy-466,/gpfs/scratch/bsc98/bsc098069/llm_benchmarking/models/llama/llama-2-7b/lora/yard1_sql-lora-test_dummy_rank_16/
dummy-203,/gpfs/scratch/bsc98/bsc098069/llm_benchmarking/models/llama/llama-2-7b/lora/yard1_sql-lora-test_dummy_rank_16/
dummy-392,/gpfs/scratch/bsc98/bsc098069/llm_benchmarking/models/llama/llama-2-7b/lora/yard1_sql-lora-test_dummy_rank_16/
dummy-331,/gpfs/scratch/bsc98/bsc098069/llm_benchmarking/models/llama/llama-2-7b/lora/yard1_sql-lora-test_dummy_rank_16/
dummy-369,/gpfs/scratch/bsc98/bsc098069/llm_benchmarking/models/llama/llama-2-7b/lora/yard1_sql-lora-test_dummy_rank_16/
dummy-555,/gpfs/scratch/bsc98/bsc098069/llm_benchmarking/models/llama/llama-2-7b/lora/yard1_sql-lora-test_dummy_rank_16/
dummy-42,/gpfs/scratch/bsc98/bsc098069/llm_benchmarking/models/llama/llama-2-7b/lora/yard1_sql-lora-test_dummy_rank_16/
dummy-441,/gpfs/scratch/bsc98/bsc098069/llm_benchmarking/models/llama/llama-2-7b/lora/yard1_sql-lora-test_dummy_rank_16/
dummy-6,/gpfs/scratch/bsc98/bsc098069/llm_benchmarking/models/llama/llama-2-7b/lora/yard1_sql-lora-test_dummy_rank_16/
dummy-69,/gpfs/scratch/bsc98/bsc098069/llm_benchmarking/models/llama/llama-2-7b/lora/yard1_sql-lora-test_dummy_rank_16/
dummy-191,/gpfs/scratch/bsc98/bsc098069/llm_benchmarking/models/llama/llama-2-7b/lora/yard1_sql-lora-test_dummy_rank_16/
dummy-362,/gpfs/scratch/bsc98/bsc098069/llm_benchmarking/models/llama/llama-2-7b/lora/yard1_sql-lora-test_dummy_rank_16/
dummy-52,/gpfs/scratch/bsc98/bsc098069/llm_benchmarking/models/llama/llama-2-7b/lora/yard1_sql-lora-test_dummy_rank_16/
dummy-618,/gpfs/scratch/bsc98/bsc098069/llm_benchmarking/models/llama/llama-2-7b/lora/yard1_sql-lora-test_dummy_rank_16/
dummy-300,/gpfs/scratch/bsc98/bsc098069/llm_benchmarking/models/llama/llama-2-7b/lora/yard1_sql-lora-test_dummy_rank_16/
dummy-144,/gpfs/scratch/bsc98/bsc098069/llm_benchmarking/models/llama/llama-2-7b/lora/yard1_sql-lora-test_dummy_rank_16/
dummy-599,/gpfs/scratch/bsc98/bsc098069/llm_benchmarking/models/llama/llama-2-7b/lora/yard1_sql-lora-test_dummy_rank_16/
dummy-384,/gpfs/scratch/bsc98/bsc098069/llm_benchmarking/models/llama/llama-2-7b/lora/yard1_sql-lora-test_dummy_rank_16/
dummy-102,/gpfs/scratch/bsc98/bsc098069/llm_benchmarking/models/llama/llama-2-7b/lora/yard1_sql-lora-test_dummy_rank_16/
dummy-333,/gpfs/scratch/bsc98/bsc098069/llm_benchmarking/models/llama/llama-2-7b/lora/yard1_sql-lora-test_dummy_rank_16/
dummy-208,/gpfs/scratch/bsc98/bsc098069/llm_benchmarking/models/llama/llama-2-7b/lora/yard1_sql-lora-test_dummy_rank_16/
dummy-161,/gpfs/scratch/bsc98/bsc098069/llm_benchmarking/models/llama/llama-2-7b/lora/yard1_sql-lora-test_dummy_rank_16/
dummy-98,/gpfs/scratch/bsc98/bsc098069/llm_benchmarking/models/llama/llama-2-7b/lora/yard1_sql-lora-test_dummy_rank_16/
dummy-302,/gpfs/scratch/bsc98/bsc098069/llm_benchmarking/models/llama/llama-2-7b/lora/yard1_sql-lora-test_dummy_rank_16/
dummy-734,/gpfs/scratch/bsc98/bsc098069/llm_benchmarking/models/llama/llama-2-7b/lora/yard1_sql-lora-test_dummy_rank_16/
dummy-258,/gpfs/scratch/bsc98/bsc098069/llm_benchmarking/models/llama/llama-2-7b/lora/yard1_sql-lora-test_dummy_rank_16/
dummy-733,/gpfs/scratch/bsc98/bsc098069/llm_benchmarking/models/llama/llama-2-7b/lora/yard1_sql-lora-test_dummy_rank_16/
dummy-728,/gpfs/scratch/bsc98/bsc098069/llm_benchmarking/models/llama/llama-2-7b/lora/yard1_sql-lora-test_dummy_rank_16/
dummy-701,/gpfs/scratch/bsc98/bsc098069/llm_benchmarking/models/llama/llama-2-7b/lora/yard1_sql-lora-test_dummy_rank_16/
dummy-749,/gpfs/scratch/bsc98/bsc098069/llm_benchmarking/models/llama/llama-2-7b/lora/yard1_sql-lora-test_dummy_rank_16/
dummy-243,/gpfs/scratch/bsc98/bsc098069/llm_benchmarking/models/llama/llama-2-7b/lora/yard1_sql-lora-test_dummy_rank_16/
dummy-587,/gpfs/scratch/bsc98/bsc098069/llm_benchmarking/models/llama/llama-2-7b/lora/yard1_sql-lora-test_dummy_rank_16/
dummy-313,/gpfs/scratch/bsc98/bsc098069/llm_benchmarking/models/llama/llama-2-7b/lora/yard1_sql-lora-test_dummy_rank_16/
dummy-403,/gpfs/scratch/bsc98/bsc098069/llm_benchmarking/models/llama/llama-2-7b/lora/yard1_sql-lora-test_dummy_rank_16/
dummy-546,/gpfs/scratch/bsc98/bsc098069/llm_benchmarking/models/llama/llama-2-7b/lora/yard1_sql-lora-test_dummy_rank_16/
dummy-324,/gpfs/scratch/bsc98/bsc098069/llm_benchmarking/models/llama/llama-2-7b/lora/yard1_sql-lora-test_dummy_rank_16/
dummy-707,/gpfs/scratch/bsc98/bsc098069/llm_benchmarking/models/llama/llama-2-7b/lora/yard1_sql-lora-test_dummy_rank_16/
dummy-412,/gpfs/scratch/bsc98/bsc098069/llm_benchmarking/models/llama/llama-2-7b/lora/yard1_sql-lora-test_dummy_rank_16/
dummy-88,/gpfs/scratch/bsc98/bsc098069/llm_benchmarking/models/llama/llama-2-7b/lora/yard1_sql-lora-test_dummy_rank_16/
dummy-134,/gpfs/scratch/bsc98/bsc098069/llm_benchmarking/models/llama/llama-2-7b/lora/yard1_sql-lora-test_dummy_rank_16/
dummy-206,/gpfs/scratch/bsc98/bsc098069/llm_benchmarking/models/llama/llama-2-7b/lora/yard1_sql-lora-test_dummy_rank_16/
dummy-89,/gpfs/scratch/bsc98/bsc098069/llm_benchmarking/models/llama/llama-2-7b/lora/yard1_sql-lora-test_dummy_rank_16/
dummy-173,/gpfs/scratch/bsc98/bsc098069/llm_benchmarking/models/llama/llama-2-7b/lora/yard1_sql-lora-test_dummy_rank_16/
dummy-137,/gpfs/scratch/bsc98/bsc098069/llm_benchmarking/models/llama/llama-2-7b/lora/yard1_sql-lora-test_dummy_rank_16/
dummy-479,/gpfs/scratch/bsc98/bsc098069/llm_benchmarking/models/llama/llama-2-7b/lora/yard1_sql-lora-test_dummy_rank_16/
dummy-186,/gpfs/scratch/bsc98/bsc098069/llm_benchmarking/models/llama/llama-2-7b/lora/yard1_sql-lora-test_dummy_rank_16/
dummy-334,/gpfs/scratch/bsc98/bsc098069/llm_benchmarking/models/llama/llama-2-7b/lora/yard1_sql-lora-test_dummy_rank_16/
dummy-387,/gpfs/scratch/bsc98/bsc098069/llm_benchmarking/models/llama/llama-2-7b/lora/yard1_sql-lora-test_dummy_rank_16/
dummy-40,/gpfs/scratch/bsc98/bsc098069/llm_benchmarking/models/llama/llama-2-7b/lora/yard1_sql-lora-test_dummy_rank_16/
dummy-315,/gpfs/scratch/bsc98/bsc098069/llm_benchmarking/models/llama/llama-2-7b/lora/yard1_sql-lora-test_dummy_rank_16/
dummy-499,/gpfs/scratch/bsc98/bsc098069/llm_benchmarking/models/llama/llama-2-7b/lora/yard1_sql-lora-test_dummy_rank_16/
dummy-106,/gpfs/scratch/bsc98/bsc098069/llm_benchmarking/models/llama/llama-2-7b/lora/yard1_sql-lora-test_dummy_rank_16/
dummy-378,/gpfs/scratch/bsc98/bsc098069/llm_benchmarking/models/llama/llama-2-7b/lora/yard1_sql-lora-test_dummy_rank_16/
dummy-266,/gpfs/scratch/bsc98/bsc098069/llm_benchmarking/models/llama/llama-2-7b/lora/yard1_sql-lora-test_dummy_rank_16/
dummy-404,/gpfs/scratch/bsc98/bsc098069/llm_benchmarking/models/llama/llama-2-7b/lora/yard1_sql-lora-test_dummy_rank_16/
dummy-349,/gpfs/scratch/bsc98/bsc098069/llm_benchmarking/models/llama/llama-2-7b/lora/yard1_sql-lora-test_dummy_rank_16/
dummy-263,/gpfs/scratch/bsc98/bsc098069/llm_benchmarking/models/llama/llama-2-7b/lora/yard1_sql-lora-test_dummy_rank_16/
dummy-55,/gpfs/scratch/bsc98/bsc098069/llm_benchmarking/models/llama/llama-2-7b/lora/yard1_sql-lora-test_dummy_rank_16/
dummy-78,/gpfs/scratch/bsc98/bsc098069/llm_benchmarking/models/llama/llama-2-7b/lora/yard1_sql-lora-test_dummy_rank_16/
dummy-149,/gpfs/scratch/bsc98/bsc098069/llm_benchmarking/models/llama/llama-2-7b/lora/yard1_sql-lora-test_dummy_rank_16/
dummy-432,/gpfs/scratch/bsc98/bsc098069/llm_benchmarking/models/llama/llama-2-7b/lora/yard1_sql-lora-test_dummy_rank_16/
dummy-675,/gpfs/scratch/bsc98/bsc098069/llm_benchmarking/models/llama/llama-2-7b/lora/yard1_sql-lora-test_dummy_rank_16/
dummy-247,/gpfs/scratch/bsc98/bsc098069/llm_benchmarking/models/llama/llama-2-7b/lora/yard1_sql-lora-test_dummy_rank_16/
dummy-459,/gpfs/scratch/bsc98/bsc098069/llm_benchmarking/models/llama/llama-2-7b/lora/yard1_sql-lora-test_dummy_rank_16/
dummy-461,/gpfs/scratch/bsc98/bsc098069/llm_benchmarking/models/llama/llama-2-7b/lora/yard1_sql-lora-test_dummy_rank_16/
dummy-246,/gpfs/scratch/bsc98/bsc098069/llm_benchmarking/models/llama/llama-2-7b/lora/yard1_sql-lora-test_dummy_rank_16/
dummy-571,/gpfs/scratch/bsc98/bsc098069/llm_benchmarking/models/llama/llama-2-7b/lora/yard1_sql-lora-test_dummy_rank_16/
dummy-659,/gpfs/scratch/bsc98/bsc098069/llm_benchmarking/models/llama/llama-2-7b/lora/yard1_sql-lora-test_dummy_rank_16/
dummy-27,/gpfs/scratch/bsc98/bsc098069/llm_benchmarking/models/llama/llama-2-7b/lora/yard1_sql-lora-test_dummy_rank_16/
dummy-2,/gpfs/scratch/bsc98/bsc098069/llm_benchmarking/models/llama/llama-2-7b/lora/yard1_sql-lora-test_dummy_rank_16/
dummy-704,/gpfs/scratch/bsc98/bsc098069/llm_benchmarking/models/llama/llama-2-7b/lora/yard1_sql-lora-test_dummy_rank_16/
dummy-405,/gpfs/scratch/bsc98/bsc098069/llm_benchmarking/models/llama/llama-2-7b/lora/yard1_sql-lora-test_dummy_rank_16/
dummy-398,/gpfs/scratch/bsc98/bsc098069/llm_benchmarking/models/llama/llama-2-7b/lora/yard1_sql-lora-test_dummy_rank_16/
dummy-318,/gpfs/scratch/bsc98/bsc098069/llm_benchmarking/models/llama/llama-2-7b/lora/yard1_sql-lora-test_dummy_rank_16/
dummy-416,/gpfs/scratch/bsc98/bsc098069/llm_benchmarking/models/llama/llama-2-7b/lora/yard1_sql-lora-test_dummy_rank_16/
dummy-368,/gpfs/scratch/bsc98/bsc098069/llm_benchmarking/models/llama/llama-2-7b/lora/yard1_sql-lora-test_dummy_rank_16/
dummy-295,/gpfs/scratch/bsc98/bsc098069/llm_benchmarking/models/llama/llama-2-7b/lora/yard1_sql-lora-test_dummy_rank_16/
dummy-767,/gpfs/scratch/bsc98/bsc098069/llm_benchmarking/models/llama/llama-2-7b/lora/yard1_sql-lora-test_dummy_rank_16/
dummy-448,/gpfs/scratch/bsc98/bsc098069/llm_benchmarking/models/llama/llama-2-7b/lora/yard1_sql-lora-test_dummy_rank_16/
dummy-212,/gpfs/scratch/bsc98/bsc098069/llm_benchmarking/models/llama/llama-2-7b/lora/yard1_sql-lora-test_dummy_rank_16/
dummy-601,/gpfs/scratch/bsc98/bsc098069/llm_benchmarking/models/llama/llama-2-7b/lora/yard1_sql-lora-test_dummy_rank_16/
dummy-265,/gpfs/scratch/bsc98/bsc098069/llm_benchmarking/models/llama/llama-2-7b/lora/yard1_sql-lora-test_dummy_rank_16/
dummy-558,/gpfs/scratch/bsc98/bsc098069/llm_benchmarking/models/llama/llama-2-7b/lora/yard1_sql-lora-test_dummy_rank_16/
dummy-47,/gpfs/scratch/bsc98/bsc098069/llm_benchmarking/models/llama/llama-2-7b/lora/yard1_sql-lora-test_dummy_rank_16/
dummy-344,/gpfs/scratch/bsc98/bsc098069/llm_benchmarking/models/llama/llama-2-7b/lora/yard1_sql-lora-test_dummy_rank_16/
dummy-532,/gpfs/scratch/bsc98/bsc098069/llm_benchmarking/models/llama/llama-2-7b/lora/yard1_sql-lora-test_dummy_rank_16/
dummy-523,/gpfs/scratch/bsc98/bsc098069/llm_benchmarking/models/llama/llama-2-7b/lora/yard1_sql-lora-test_dummy_rank_16/
dummy-638,/gpfs/scratch/bsc98/bsc098069/llm_benchmarking/models/llama/llama-2-7b/lora/yard1_sql-lora-test_dummy_rank_16/
dummy-253,/gpfs/scratch/bsc98/bsc098069/llm_benchmarking/models/llama/llama-2-7b/lora/yard1_sql-lora-test_dummy_rank_16/
dummy-750,/gpfs/scratch/bsc98/bsc098069/llm_benchmarking/models/llama/llama-2-7b/lora/yard1_sql-lora-test_dummy_rank_16/
dummy-374,/gpfs/scratch/bsc98/bsc098069/llm_benchmarking/models/llama/llama-2-7b/lora/yard1_sql-lora-test_dummy_rank_16/
dummy-366,/gpfs/scratch/bsc98/bsc098069/llm_benchmarking/models/llama/llama-2-7b/lora/yard1_sql-lora-test_dummy_rank_16/
dummy-280,/gpfs/scratch/bsc98/bsc098069/llm_benchmarking/models/llama/llama-2-7b/lora/yard1_sql-lora-test_dummy_rank_16/
dummy-521,/gpfs/scratch/bsc98/bsc098069/llm_benchmarking/models/llama/llama-2-7b/lora/yard1_sql-lora-test_dummy_rank_16/
dummy-400,/gpfs/scratch/bsc98/bsc098069/llm_benchmarking/models/llama/llama-2-7b/lora/yard1_sql-lora-test_dummy_rank_16/
dummy-766,/gpfs/scratch/bsc98/bsc098069/llm_benchmarking/models/llama/llama-2-7b/lora/yard1_sql-lora-test_dummy_rank_16/
dummy-713,/gpfs/scratch/bsc98/bsc098069/llm_benchmarking/models/llama/llama-2-7b/lora/yard1_sql-lora-test_dummy_rank_16/
dummy-737,/gpfs/scratch/bsc98/bsc098069/llm_benchmarking/models/llama/llama-2-7b/lora/yard1_sql-lora-test_dummy_rank_16/
dummy-188,/gpfs/scratch/bsc98/bsc098069/llm_benchmarking/models/llama/llama-2-7b/lora/yard1_sql-lora-test_dummy_rank_16/
dummy-710,/gpfs/scratch/bsc98/bsc098069/llm_benchmarking/models/llama/llama-2-7b/lora/yard1_sql-lora-test_dummy_rank_16/
dummy-257,/gpfs/scratch/bsc98/bsc098069/llm_benchmarking/models/llama/llama-2-7b/lora/yard1_sql-lora-test_dummy_rank_16/
dummy-164,/gpfs/scratch/bsc98/bsc098069/llm_benchmarking/models/llama/llama-2-7b/lora/yard1_sql-lora-test_dummy_rank_16/
dummy-700,/gpfs/scratch/bsc98/bsc098069/llm_benchmarking/models/llama/llama-2-7b/lora/yard1_sql-lora-test_dummy_rank_16/
dummy-427,/gpfs/scratch/bsc98/bsc098069/llm_benchmarking/models/llama/llama-2-7b/lora/yard1_sql-lora-test_dummy_rank_16/
dummy-183,/gpfs/scratch/bsc98/bsc098069/llm_benchmarking/models/llama/llama-2-7b/lora/yard1_sql-lora-test_dummy_rank_16/
dummy-681,/gpfs/scratch/bsc98/bsc098069/llm_benchmarking/models/llama/llama-2-7b/lora/yard1_sql-lora-test_dummy_rank_16/
dummy-209,/gpfs/scratch/bsc98/bsc098069/llm_benchmarking/models/llama/llama-2-7b/lora/yard1_sql-lora-test_dummy_rank_16/
dummy-177,/gpfs/scratch/bsc98/bsc098069/llm_benchmarking/models/llama/llama-2-7b/lora/yard1_sql-lora-test_dummy_rank_16/
dummy-174,/gpfs/scratch/bsc98/bsc098069/llm_benchmarking/models/llama/llama-2-7b/lora/yard1_sql-lora-test_dummy_rank_16/
dummy-12,/gpfs/scratch/bsc98/bsc098069/llm_benchmarking/models/llama/llama-2-7b/lora/yard1_sql-lora-test_dummy_rank_16/
dummy-45,/gpfs/scratch/bsc98/bsc098069/llm_benchmarking/models/llama/llama-2-7b/lora/yard1_sql-lora-test_dummy_rank_16/
dummy-674,/gpfs/scratch/bsc98/bsc098069/llm_benchmarking/models/llama/llama-2-7b/lora/yard1_sql-lora-test_dummy_rank_16/
dummy-218,/gpfs/scratch/bsc98/bsc098069/llm_benchmarking/models/llama/llama-2-7b/lora/yard1_sql-lora-test_dummy_rank_16/
dummy-664,/gpfs/scratch/bsc98/bsc098069/llm_benchmarking/models/llama/llama-2-7b/lora/yard1_sql-lora-test_dummy_rank_16/
dummy-604,/gpfs/scratch/bsc98/bsc098069/llm_benchmarking/models/llama/llama-2-7b/lora/yard1_sql-lora-test_dummy_rank_16/
dummy-625,/gpfs/scratch/bsc98/bsc098069/llm_benchmarking/models/llama/llama-2-7b/lora/yard1_sql-lora-test_dummy_rank_16/
dummy-232,/gpfs/scratch/bsc98/bsc098069/llm_benchmarking/models/llama/llama-2-7b/lora/yard1_sql-lora-test_dummy_rank_16/
dummy-669,/gpfs/scratch/bsc98/bsc098069/llm_benchmarking/models/llama/llama-2-7b/lora/yard1_sql-lora-test_dummy_rank_16/
dummy-63,/gpfs/scratch/bsc98/bsc098069/llm_benchmarking/models/llama/llama-2-7b/lora/yard1_sql-lora-test_dummy_rank_16/
dummy-383,/gpfs/scratch/bsc98/bsc098069/llm_benchmarking/models/llama/llama-2-7b/lora/yard1_sql-lora-test_dummy_rank_16/
dummy-360,/gpfs/scratch/bsc98/bsc098069/llm_benchmarking/models/llama/llama-2-7b/lora/yard1_sql-lora-test_dummy_rank_16/
dummy-202,/gpfs/scratch/bsc98/bsc098069/llm_benchmarking/models/llama/llama-2-7b/lora/yard1_sql-lora-test_dummy_rank_16/
dummy-309,/gpfs/scratch/bsc98/bsc098069/llm_benchmarking/models/llama/llama-2-7b/lora/yard1_sql-lora-test_dummy_rank_16/
dummy-201,/gpfs/scratch/bsc98/bsc098069/llm_benchmarking/models/llama/llama-2-7b/lora/yard1_sql-lora-test_dummy_rank_16/
dummy-475,/gpfs/scratch/bsc98/bsc098069/llm_benchmarking/models/llama/llama-2-7b/lora/yard1_sql-lora-test_dummy_rank_16/
dummy-486,/gpfs/scratch/bsc98/bsc098069/llm_benchmarking/models/llama/llama-2-7b/lora/yard1_sql-lora-test_dummy_rank_16/
dummy-673,/gpfs/scratch/bsc98/bsc098069/llm_benchmarking/models/llama/llama-2-7b/lora/yard1_sql-lora-test_dummy_rank_16/
dummy-738,/gpfs/scratch/bsc98/bsc098069/llm_benchmarking/models/llama/llama-2-7b/lora/yard1_sql-lora-test_dummy_rank_16/
dummy-670,/gpfs/scratch/bsc98/bsc098069/llm_benchmarking/models/llama/llama-2-7b/lora/yard1_sql-lora-test_dummy_rank_16/
dummy-288,/gpfs/scratch/bsc98/bsc098069/llm_benchmarking/models/llama/llama-2-7b/lora/yard1_sql-lora-test_dummy_rank_16/
dummy-294,/gpfs/scratch/bsc98/bsc098069/llm_benchmarking/models/llama/llama-2-7b/lora/yard1_sql-lora-test_dummy_rank_16/
dummy-394,/gpfs/scratch/bsc98/bsc098069/llm_benchmarking/models/llama/llama-2-7b/lora/yard1_sql-lora-test_dummy_rank_16/
dummy-91,/gpfs/scratch/bsc98/bsc098069/llm_benchmarking/models/llama/llama-2-7b/lora/yard1_sql-lora-test_dummy_rank_16/
dummy-353,/gpfs/scratch/bsc98/bsc098069/llm_benchmarking/models/llama/llama-2-7b/lora/yard1_sql-lora-test_dummy_rank_16/
dummy-93,/gpfs/scratch/bsc98/bsc098069/llm_benchmarking/models/llama/llama-2-7b/lora/yard1_sql-lora-test_dummy_rank_16/
dummy-631,/gpfs/scratch/bsc98/bsc098069/llm_benchmarking/models/llama/llama-2-7b/lora/yard1_sql-lora-test_dummy_rank_16/
dummy-455,/gpfs/scratch/bsc98/bsc098069/llm_benchmarking/models/llama/llama-2-7b/lora/yard1_sql-lora-test_dummy_rank_16/
dummy-57,/gpfs/scratch/bsc98/bsc098069/llm_benchmarking/models/llama/llama-2-7b/lora/yard1_sql-lora-test_dummy_rank_16/
dummy-332,/gpfs/scratch/bsc98/bsc098069/llm_benchmarking/models/llama/llama-2-7b/lora/yard1_sql-lora-test_dummy_rank_16/
dummy-119,/gpfs/scratch/bsc98/bsc098069/llm_benchmarking/models/llama/llama-2-7b/lora/yard1_sql-lora-test_dummy_rank_16/
dummy-255,/gpfs/scratch/bsc98/bsc098069/llm_benchmarking/models/llama/llama-2-7b/lora/yard1_sql-lora-test_dummy_rank_16/
dummy-705,/gpfs/scratch/bsc98/bsc098069/llm_benchmarking/models/llama/llama-2-7b/lora/yard1_sql-lora-test_dummy_rank_16/
dummy-401,/gpfs/scratch/bsc98/bsc098069/llm_benchmarking/models/llama/llama-2-7b/lora/yard1_sql-lora-test_dummy_rank_16/
dummy-279,/gpfs/scratch/bsc98/bsc098069/llm_benchmarking/models/llama/llama-2-7b/lora/yard1_sql-lora-test_dummy_rank_16/
dummy-590,/gpfs/scratch/bsc98/bsc098069/llm_benchmarking/models/llama/llama-2-7b/lora/yard1_sql-lora-test_dummy_rank_16/
dummy-682,/gpfs/scratch/bsc98/bsc098069/llm_benchmarking/models/llama/llama-2-7b/lora/yard1_sql-lora-test_dummy_rank_16/
dummy-194,/gpfs/scratch/bsc98/bsc098069/llm_benchmarking/models/llama/llama-2-7b/lora/yard1_sql-lora-test_dummy_rank_16/
dummy-128,/gpfs/scratch/bsc98/bsc098069/llm_benchmarking/models/llama/llama-2-7b/lora/yard1_sql-lora-test_dummy_rank_16/
dummy-35,/gpfs/scratch/bsc98/bsc098069/llm_benchmarking/models/llama/llama-2-7b/lora/yard1_sql-lora-test_dummy_rank_16/
dummy-76,/gpfs/scratch/bsc98/bsc098069/llm_benchmarking/models/llama/llama-2-7b/lora/yard1_sql-lora-test_dummy_rank_16/
dummy-617,/gpfs/scratch/bsc98/bsc098069/llm_benchmarking/models/llama/llama-2-7b/lora/yard1_sql-lora-test_dummy_rank_16/
dummy-425,/gpfs/scratch/bsc98/bsc098069/llm_benchmarking/models/llama/llama-2-7b/lora/yard1_sql-lora-test_dummy_rank_16/
dummy-603,/gpfs/scratch/bsc98/bsc098069/llm_benchmarking/models/llama/llama-2-7b/lora/yard1_sql-lora-test_dummy_rank_16/
dummy-58,/gpfs/scratch/bsc98/bsc098069/llm_benchmarking/models/llama/llama-2-7b/lora/yard1_sql-lora-test_dummy_rank_16/
dummy-126,/gpfs/scratch/bsc98/bsc098069/llm_benchmarking/models/llama/llama-2-7b/lora/yard1_sql-lora-test_dummy_rank_16/
dummy-129,/gpfs/scratch/bsc98/bsc098069/llm_benchmarking/models/llama/llama-2-7b/lora/yard1_sql-lora-test_dummy_rank_16/
dummy-104,/gpfs/scratch/bsc98/bsc098069/llm_benchmarking/models/llama/llama-2-7b/lora/yard1_sql-lora-test_dummy_rank_16/
dummy-64,/gpfs/scratch/bsc98/bsc098069/llm_benchmarking/models/llama/llama-2-7b/lora/yard1_sql-lora-test_dummy_rank_16/
dummy-276,/gpfs/scratch/bsc98/bsc098069/llm_benchmarking/models/llama/llama-2-7b/lora/yard1_sql-lora-test_dummy_rank_16/
dummy-341,/gpfs/scratch/bsc98/bsc098069/llm_benchmarking/models/llama/llama-2-7b/lora/yard1_sql-lora-test_dummy_rank_16/
dummy-100,/gpfs/scratch/bsc98/bsc098069/llm_benchmarking/models/llama/llama-2-7b/lora/yard1_sql-lora-test_dummy_rank_16/
dummy-758,/gpfs/scratch/bsc98/bsc098069/llm_benchmarking/models/llama/llama-2-7b/lora/yard1_sql-lora-test_dummy_rank_16/
dummy-397,/gpfs/scratch/bsc98/bsc098069/llm_benchmarking/models/llama/llama-2-7b/lora/yard1_sql-lora-test_dummy_rank_16/
dummy-370,/gpfs/scratch/bsc98/bsc098069/llm_benchmarking/models/llama/llama-2-7b/lora/yard1_sql-lora-test_dummy_rank_16/
dummy-547,/gpfs/scratch/bsc98/bsc098069/llm_benchmarking/models/llama/llama-2-7b/lora/yard1_sql-lora-test_dummy_rank_16/
dummy-382,/gpfs/scratch/bsc98/bsc098069/llm_benchmarking/models/llama/llama-2-7b/lora/yard1_sql-lora-test_dummy_rank_16/
dummy-544,/gpfs/scratch/bsc98/bsc098069/llm_benchmarking/models/llama/llama-2-7b/lora/yard1_sql-lora-test_dummy_rank_16/
dummy-481,/gpfs/scratch/bsc98/bsc098069/llm_benchmarking/models/llama/llama-2-7b/lora/yard1_sql-lora-test_dummy_rank_16/
dummy-373,/gpfs/scratch/bsc98/bsc098069/llm_benchmarking/models/llama/llama-2-7b/lora/yard1_sql-lora-test_dummy_rank_16/
dummy-602,/gpfs/scratch/bsc98/bsc098069/llm_benchmarking/models/llama/llama-2-7b/lora/yard1_sql-lora-test_dummy_rank_16/
dummy-752,/gpfs/scratch/bsc98/bsc098069/llm_benchmarking/models/llama/llama-2-7b/lora/yard1_sql-lora-test_dummy_rank_16/
dummy-4,/gpfs/scratch/bsc98/bsc098069/llm_benchmarking/models/llama/llama-2-7b/lora/yard1_sql-lora-test_dummy_rank_16/
dummy-628,/gpfs/scratch/bsc98/bsc098069/llm_benchmarking/models/llama/llama-2-7b/lora/yard1_sql-lora-test_dummy_rank_16/
dummy-718,/gpfs/scratch/bsc98/bsc098069/llm_benchmarking/models/llama/llama-2-7b/lora/yard1_sql-lora-test_dummy_rank_16/
dummy-138,/gpfs/scratch/bsc98/bsc098069/llm_benchmarking/models/llama/llama-2-7b/lora/yard1_sql-lora-test_dummy_rank_16/
dummy-44,/gpfs/scratch/bsc98/bsc098069/llm_benchmarking/models/llama/llama-2-7b/lora/yard1_sql-lora-test_dummy_rank_16/
dummy-742,/gpfs/scratch/bsc98/bsc098069/llm_benchmarking/models/llama/llama-2-7b/lora/yard1_sql-lora-test_dummy_rank_16/
dummy-605,/gpfs/scratch/bsc98/bsc098069/llm_benchmarking/models/llama/llama-2-7b/lora/yard1_sql-lora-test_dummy_rank_16/
dummy-393,/gpfs/scratch/bsc98/bsc098069/llm_benchmarking/models/llama/llama-2-7b/lora/yard1_sql-lora-test_dummy_rank_16/
dummy-516,/gpfs/scratch/bsc98/bsc098069/llm_benchmarking/models/llama/llama-2-7b/lora/yard1_sql-lora-test_dummy_rank_16/
dummy-671,/gpfs/scratch/bsc98/bsc098069/llm_benchmarking/models/llama/llama-2-7b/lora/yard1_sql-lora-test_dummy_rank_16/
dummy-633,/gpfs/scratch/bsc98/bsc098069/llm_benchmarking/models/llama/llama-2-7b/lora/yard1_sql-lora-test_dummy_rank_16/
dummy-662,/gpfs/scratch/bsc98/bsc098069/llm_benchmarking/models/llama/llama-2-7b/lora/yard1_sql-lora-test_dummy_rank_16/
dummy-716,/gpfs/scratch/bsc98/bsc098069/llm_benchmarking/models/llama/llama-2-7b/lora/yard1_sql-lora-test_dummy_rank_16/
dummy-429,/gpfs/scratch/bsc98/bsc098069/llm_benchmarking/models/llama/llama-2-7b/lora/yard1_sql-lora-test_dummy_rank_16/
dummy-287,/gpfs/scratch/bsc98/bsc098069/llm_benchmarking/models/llama/llama-2-7b/lora/yard1_sql-lora-test_dummy_rank_16/
dummy-649,/gpfs/scratch/bsc98/bsc098069/llm_benchmarking/models/llama/llama-2-7b/lora/yard1_sql-lora-test_dummy_rank_16/
dummy-698,/gpfs/scratch/bsc98/bsc098069/llm_benchmarking/models/llama/llama-2-7b/lora/yard1_sql-lora-test_dummy_rank_16/
dummy-554,/gpfs/scratch/bsc98/bsc098069/llm_benchmarking/models/llama/llama-2-7b/lora/yard1_sql-lora-test_dummy_rank_16/
dummy-83,/gpfs/scratch/bsc98/bsc098069/llm_benchmarking/models/llama/llama-2-7b/lora/yard1_sql-lora-test_dummy_rank_16/
dummy-684,/gpfs/scratch/bsc98/bsc098069/llm_benchmarking/models/llama/llama-2-7b/lora/yard1_sql-lora-test_dummy_rank_16/
dummy-147,/gpfs/scratch/bsc98/bsc098069/llm_benchmarking/models/llama/llama-2-7b/lora/yard1_sql-lora-test_dummy_rank_16/
dummy-722,/gpfs/scratch/bsc98/bsc098069/llm_benchmarking/models/llama/llama-2-7b/lora/yard1_sql-lora-test_dummy_rank_16/
dummy-148,/gpfs/scratch/bsc98/bsc098069/llm_benchmarking/models/llama/llama-2-7b/lora/yard1_sql-lora-test_dummy_rank_16/
dummy-264,/gpfs/scratch/bsc98/bsc098069/llm_benchmarking/models/llama/llama-2-7b/lora/yard1_sql-lora-test_dummy_rank_16/
dummy-244,/gpfs/scratch/bsc98/bsc098069/llm_benchmarking/models/llama/llama-2-7b/lora/yard1_sql-lora-test_dummy_rank_16/
dummy-267,/gpfs/scratch/bsc98/bsc098069/llm_benchmarking/models/llama/llama-2-7b/lora/yard1_sql-lora-test_dummy_rank_16/
dummy-727,/gpfs/scratch/bsc98/bsc098069/llm_benchmarking/models/llama/llama-2-7b/lora/yard1_sql-lora-test_dummy_rank_16/
dummy-548,/gpfs/scratch/bsc98/bsc098069/llm_benchmarking/models/llama/llama-2-7b/lora/yard1_sql-lora-test_dummy_rank_16/
dummy-231,/gpfs/scratch/bsc98/bsc098069/llm_benchmarking/models/llama/llama-2-7b/lora/yard1_sql-lora-test_dummy_rank_16/
dummy-50,/gpfs/scratch/bsc98/bsc098069/llm_benchmarking/models/llama/llama-2-7b/lora/yard1_sql-lora-test_dummy_rank_16/
dummy-167,/gpfs/scratch/bsc98/bsc098069/llm_benchmarking/models/llama/llama-2-7b/lora/yard1_sql-lora-test_dummy_rank_16/
dummy-29,/gpfs/scratch/bsc98/bsc098069/llm_benchmarking/models/llama/llama-2-7b/lora/yard1_sql-lora-test_dummy_rank_16/
dummy-418,/gpfs/scratch/bsc98/bsc098069/llm_benchmarking/models/llama/llama-2-7b/lora/yard1_sql-lora-test_dummy_rank_16/
dummy-68,/gpfs/scratch/bsc98/bsc098069/llm_benchmarking/models/llama/llama-2-7b/lora/yard1_sql-lora-test_dummy_rank_16/
dummy-619,/gpfs/scratch/bsc98/bsc098069/llm_benchmarking/models/llama/llama-2-7b/lora/yard1_sql-lora-test_dummy_rank_16/
dummy-75,/gpfs/scratch/bsc98/bsc098069/llm_benchmarking/models/llama/llama-2-7b/lora/yard1_sql-lora-test_dummy_rank_16/
dummy-395,/gpfs/scratch/bsc98/bsc098069/llm_benchmarking/models/llama/llama-2-7b/lora/yard1_sql-lora-test_dummy_rank_16/
dummy-127,/gpfs/scratch/bsc98/bsc098069/llm_benchmarking/models/llama/llama-2-7b/lora/yard1_sql-lora-test_dummy_rank_16/
dummy-94,/gpfs/scratch/bsc98/bsc098069/llm_benchmarking/models/llama/llama-2-7b/lora/yard1_sql-lora-test_dummy_rank_16/
dummy-133,/gpfs/scratch/bsc98/bsc098069/llm_benchmarking/models/llama/llama-2-7b/lora/yard1_sql-lora-test_dummy_rank_16/
dummy-480,/gpfs/scratch/bsc98/bsc098069/llm_benchmarking/models/llama/llama-2-7b/lora/yard1_sql-lora-test_dummy_rank_16/
dummy-72,/gpfs/scratch/bsc98/bsc098069/llm_benchmarking/models/llama/llama-2-7b/lora/yard1_sql-lora-test_dummy_rank_16/
dummy-561,/gpfs/scratch/bsc98/bsc098069/llm_benchmarking/models/llama/llama-2-7b/lora/yard1_sql-lora-test_dummy_rank_16/
dummy-686,/gpfs/scratch/bsc98/bsc098069/llm_benchmarking/models/llama/llama-2-7b/lora/yard1_sql-lora-test_dummy_rank_16/
dummy-564,/gpfs/scratch/bsc98/bsc098069/llm_benchmarking/models/llama/llama-2-7b/lora/yard1_sql-lora-test_dummy_rank_16/
dummy-361,/gpfs/scratch/bsc98/bsc098069/llm_benchmarking/models/llama/llama-2-7b/lora/yard1_sql-lora-test_dummy_rank_16/
dummy-184,/gpfs/scratch/bsc98/bsc098069/llm_benchmarking/models/llama/llama-2-7b/lora/yard1_sql-lora-test_dummy_rank_16/
dummy-645,/gpfs/scratch/bsc98/bsc098069/llm_benchmarking/models/llama/llama-2-7b/lora/yard1_sql-lora-test_dummy_rank_16/
dummy-762,/gpfs/scratch/bsc98/bsc098069/llm_benchmarking/models/llama/llama-2-7b/lora/yard1_sql-lora-test_dummy_rank_16/
dummy-165,/gpfs/scratch/bsc98/bsc098069/llm_benchmarking/models/llama/llama-2-7b/lora/yard1_sql-lora-test_dummy_rank_16/
dummy-158,/gpfs/scratch/bsc98/bsc098069/llm_benchmarking/models/llama/llama-2-7b/lora/yard1_sql-lora-test_dummy_rank_16/
dummy-444,/gpfs/scratch/bsc98/bsc098069/llm_benchmarking/models/llama/llama-2-7b/lora/yard1_sql-lora-test_dummy_rank_16/
dummy-764,/gpfs/scratch/bsc98/bsc098069/llm_benchmarking/models/llama/llama-2-7b/lora/yard1_sql-lora-test_dummy_rank_16/
dummy-271,/gpfs/scratch/bsc98/bsc098069/llm_benchmarking/models/llama/llama-2-7b/lora/yard1_sql-lora-test_dummy_rank_16/
dummy-593,/gpfs/scratch/bsc98/bsc098069/llm_benchmarking/models/llama/llama-2-7b/lora/yard1_sql-lora-test_dummy_rank_16/
dummy-417,/gpfs/scratch/bsc98/bsc098069/llm_benchmarking/models/llama/llama-2-7b/lora/yard1_sql-lora-test_dummy_rank_16/
dummy-579,/gpfs/scratch/bsc98/bsc098069/llm_benchmarking/models/llama/llama-2-7b/lora/yard1_sql-lora-test_dummy_rank_16/
dummy-663,/gpfs/scratch/bsc98/bsc098069/llm_benchmarking/models/llama/llama-2-7b/lora/yard1_sql-lora-test_dummy_rank_16/
dummy-21,/gpfs/scratch/bsc98/bsc098069/llm_benchmarking/models/llama/llama-2-7b/lora/yard1_sql-lora-test_dummy_rank_16/
dummy-139,/gpfs/scratch/bsc98/bsc098069/llm_benchmarking/models/llama/llama-2-7b/lora/yard1_sql-lora-test_dummy_rank_16/
dummy-79,/gpfs/scratch/bsc98/bsc098069/llm_benchmarking/models/llama/llama-2-7b/lora/yard1_sql-lora-test_dummy_rank_16/
dummy-470,/gpfs/scratch/bsc98/bsc098069/llm_benchmarking/models/llama/llama-2-7b/lora/yard1_sql-lora-test_dummy_rank_16/
dummy-124,/gpfs/scratch/bsc98/bsc098069/llm_benchmarking/models/llama/llama-2-7b/lora/yard1_sql-lora-test_dummy_rank_16/
dummy-60,/gpfs/scratch/bsc98/bsc098069/llm_benchmarking/models/llama/llama-2-7b/lora/yard1_sql-lora-test_dummy_rank_16/
dummy-739,/gpfs/scratch/bsc98/bsc098069/llm_benchmarking/models/llama/llama-2-7b/lora/yard1_sql-lora-test_dummy_rank_16/
dummy-592,/gpfs/scratch/bsc98/bsc098069/llm_benchmarking/models/llama/llama-2-7b/lora/yard1_sql-lora-test_dummy_rank_16/
dummy-763,/gpfs/scratch/bsc98/bsc098069/llm_benchmarking/models/llama/llama-2-7b/lora/yard1_sql-lora-test_dummy_rank_16/
dummy-721,/gpfs/scratch/bsc98/bsc098069/llm_benchmarking/models/llama/llama-2-7b/lora/yard1_sql-lora-test_dummy_rank_16/
dummy-99,/gpfs/scratch/bsc98/bsc098069/llm_benchmarking/models/llama/llama-2-7b/lora/yard1_sql-lora-test_dummy_rank_16/
dummy-511,/gpfs/scratch/bsc98/bsc098069/llm_benchmarking/models/llama/llama-2-7b/lora/yard1_sql-lora-test_dummy_rank_16/
dummy-747,/gpfs/scratch/bsc98/bsc098069/llm_benchmarking/models/llama/llama-2-7b/lora/yard1_sql-lora-test_dummy_rank_16/
dummy-293,/gpfs/scratch/bsc98/bsc098069/llm_benchmarking/models/llama/llama-2-7b/lora/yard1_sql-lora-test_dummy_rank_16/
dummy-278,/gpfs/scratch/bsc98/bsc098069/llm_benchmarking/models/llama/llama-2-7b/lora/yard1_sql-lora-test_dummy_rank_16/
dummy-611,/gpfs/scratch/bsc98/bsc098069/llm_benchmarking/models/llama/llama-2-7b/lora/yard1_sql-lora-test_dummy_rank_16/
dummy-281,/gpfs/scratch/bsc98/bsc098069/llm_benchmarking/models/llama/llama-2-7b/lora/yard1_sql-lora-test_dummy_rank_16/
dummy-411,/gpfs/scratch/bsc98/bsc098069/llm_benchmarking/models/llama/llama-2-7b/lora/yard1_sql-lora-test_dummy_rank_16/
dummy-583,/gpfs/scratch/bsc98/bsc098069/llm_benchmarking/models/llama/llama-2-7b/lora/yard1_sql-lora-test_dummy_rank_16/
dummy-81,/gpfs/scratch/bsc98/bsc098069/llm_benchmarking/models/llama/llama-2-7b/lora/yard1_sql-lora-test_dummy_rank_16/
dummy-220,/gpfs/scratch/bsc98/bsc098069/llm_benchmarking/models/llama/llama-2-7b/lora/yard1_sql-lora-test_dummy_rank_16/
dummy-525,/gpfs/scratch/bsc98/bsc098069/llm_benchmarking/models/llama/llama-2-7b/lora/yard1_sql-lora-test_dummy_rank_16/
dummy-48,/gpfs/scratch/bsc98/bsc098069/llm_benchmarking/models/llama/llama-2-7b/lora/yard1_sql-lora-test_dummy_rank_16/
dummy-529,/gpfs/scratch/bsc98/bsc098069/llm_benchmarking/models/llama/llama-2-7b/lora/yard1_sql-lora-test_dummy_rank_16/
dummy-489,/gpfs/scratch/bsc98/bsc098069/llm_benchmarking/models/llama/llama-2-7b/lora/yard1_sql-lora-test_dummy_rank_16/
dummy-577,/gpfs/scratch/bsc98/bsc098069/llm_benchmarking/models/llama/llama-2-7b/lora/yard1_sql-lora-test_dummy_rank_16/
dummy-118,/gpfs/scratch/bsc98/bsc098069/llm_benchmarking/models/llama/llama-2-7b/lora/yard1_sql-lora-test_dummy_rank_16/
dummy-594,/gpfs/scratch/bsc98/bsc098069/llm_benchmarking/models/llama/llama-2-7b/lora/yard1_sql-lora-test_dummy_rank_16/
dummy-743,/gpfs/scratch/bsc98/bsc098069/llm_benchmarking/models/llama/llama-2-7b/lora/yard1_sql-lora-test_dummy_rank_16/
dummy-54,/gpfs/scratch/bsc98/bsc098069/llm_benchmarking/models/llama/llama-2-7b/lora/yard1_sql-lora-test_dummy_rank_16/
dummy-336,/gpfs/scratch/bsc98/bsc098069/llm_benchmarking/models/llama/llama-2-7b/lora/yard1_sql-lora-test_dummy_rank_16/
dummy-32,/gpfs/scratch/bsc98/bsc098069/llm_benchmarking/models/llama/llama-2-7b/lora/yard1_sql-lora-test_dummy_rank_16/
dummy-651,/gpfs/scratch/bsc98/bsc098069/llm_benchmarking/models/llama/llama-2-7b/lora/yard1_sql-lora-test_dummy_rank_16/
dummy-180,/gpfs/scratch/bsc98/bsc098069/llm_benchmarking/models/llama/llama-2-7b/lora/yard1_sql-lora-test_dummy_rank_16/
dummy-322,/gpfs/scratch/bsc98/bsc098069/llm_benchmarking/models/llama/llama-2-7b/lora/yard1_sql-lora-test_dummy_rank_16/
dummy-537,/gpfs/scratch/bsc98/bsc098069/llm_benchmarking/models/llama/llama-2-7b/lora/yard1_sql-lora-test_dummy_rank_16/
dummy-502,/gpfs/scratch/bsc98/bsc098069/llm_benchmarking/models/llama/llama-2-7b/lora/yard1_sql-lora-test_dummy_rank_16/
dummy-238,/gpfs/scratch/bsc98/bsc098069/llm_benchmarking/models/llama/llama-2-7b/lora/yard1_sql-lora-test_dummy_rank_16/
dummy-731,/gpfs/scratch/bsc98/bsc098069/llm_benchmarking/models/llama/llama-2-7b/lora/yard1_sql-lora-test_dummy_rank_16/
dummy-661,/gpfs/scratch/bsc98/bsc098069/llm_benchmarking/models/llama/llama-2-7b/lora/yard1_sql-lora-test_dummy_rank_16/
dummy-607,/gpfs/scratch/bsc98/bsc098069/llm_benchmarking/models/llama/llama-2-7b/lora/yard1_sql-lora-test_dummy_rank_16/
dummy-380,/gpfs/scratch/bsc98/bsc098069/llm_benchmarking/models/llama/llama-2-7b/lora/yard1_sql-lora-test_dummy_rank_16/
dummy-96,/gpfs/scratch/bsc98/bsc098069/llm_benchmarking/models/llama/llama-2-7b/lora/yard1_sql-lora-test_dummy_rank_16/
dummy-719,/gpfs/scratch/bsc98/bsc098069/llm_benchmarking/models/llama/llama-2-7b/lora/yard1_sql-lora-test_dummy_rank_16/
dummy-490,/gpfs/scratch/bsc98/bsc098069/llm_benchmarking/models/llama/llama-2-7b/lora/yard1_sql-lora-test_dummy_rank_16/
dummy-726,/gpfs/scratch/bsc98/bsc098069/llm_benchmarking/models/llama/llama-2-7b/lora/yard1_sql-lora-test_dummy_rank_16/
dummy-492,/gpfs/scratch/bsc98/bsc098069/llm_benchmarking/models/llama/llama-2-7b/lora/yard1_sql-lora-test_dummy_rank_16/
dummy-615,/gpfs/scratch/bsc98/bsc098069/llm_benchmarking/models/llama/llama-2-7b/lora/yard1_sql-lora-test_dummy_rank_16/
dummy-568,/gpfs/scratch/bsc98/bsc098069/llm_benchmarking/models/llama/llama-2-7b/lora/yard1_sql-lora-test_dummy_rank_16/
dummy-510,/gpfs/scratch/bsc98/bsc098069/llm_benchmarking/models/llama/llama-2-7b/lora/yard1_sql-lora-test_dummy_rank_16/
dummy-86,/gpfs/scratch/bsc98/bsc098069/llm_benchmarking/models/llama/llama-2-7b/lora/yard1_sql-lora-test_dummy_rank_16/
dummy-222,/gpfs/scratch/bsc98/bsc098069/llm_benchmarking/models/llama/llama-2-7b/lora/yard1_sql-lora-test_dummy_rank_16/
dummy-359,/gpfs/scratch/bsc98/bsc098069/llm_benchmarking/models/llama/llama-2-7b/lora/yard1_sql-lora-test_dummy_rank_16/
dummy-676,/gpfs/scratch/bsc98/bsc098069/llm_benchmarking/models/llama/llama-2-7b/lora/yard1_sql-lora-test_dummy_rank_16/
dummy-520,/gpfs/scratch/bsc98/bsc098069/llm_benchmarking/models/llama/llama-2-7b/lora/yard1_sql-lora-test_dummy_rank_16/
dummy-350,/gpfs/scratch/bsc98/bsc098069/llm_benchmarking/models/llama/llama-2-7b/lora/yard1_sql-lora-test_dummy_rank_16/
dummy-84,/gpfs/scratch/bsc98/bsc098069/llm_benchmarking/models/llama/llama-2-7b/lora/yard1_sql-lora-test_dummy_rank_16/
dummy-61,/gpfs/scratch/bsc98/bsc098069/llm_benchmarking/models/llama/llama-2-7b/lora/yard1_sql-lora-test_dummy_rank_16/
dummy-507,/gpfs/scratch/bsc98/bsc098069/llm_benchmarking/models/llama/llama-2-7b/lora/yard1_sql-lora-test_dummy_rank_16/
dummy-379,/gpfs/scratch/bsc98/bsc098069/llm_benchmarking/models/llama/llama-2-7b/lora/yard1_sql-lora-test_dummy_rank_16/
dummy-323,/gpfs/scratch/bsc98/bsc098069/llm_benchmarking/models/llama/llama-2-7b/lora/yard1_sql-lora-test_dummy_rank_16/
dummy-5,/gpfs/scratch/bsc98/bsc098069/llm_benchmarking/models/llama/llama-2-7b/lora/yard1_sql-lora-test_dummy_rank_16/
dummy-207,/gpfs/scratch/bsc98/bsc098069/llm_benchmarking/models/llama/llama-2-7b/lora/yard1_sql-lora-test_dummy_rank_16/
